collected_at_utc,kind,quality,price
2026-07-09T00:28:47Z,3,0,2.6
2026-07-09T00:28:47Z,73,0,29.0
2026-07-09T00:28:47Z,1,0,0.271
2026-07-09T00:28:47Z,33,0,127.0
2026-07-09T00:28:47Z,66,0,0.271
2026-07-09T00:28:47Z,15,0,10.7
2026-07-09T00:28:47Z,79,0,885.0
2026-07-09T00:28:47Z,10,0,30.5
2026-07-09T00:28:47Z,153,0,105.0
2026-07-09T00:28:47Z,72,0,1.69
2026-07-09T00:28:47Z,117,0,9.5
2026-07-09T00:28:47Z,55,0,2290.0
2026-07-09T00:28:47Z,4,0,2.65
2026-07-09T00:28:47Z,2,0,0.374
2026-07-09T00:28:47Z,102,0,2.8
2026-07-09T00:28:47Z,119,0,32.5
2026-07-09T00:28:47Z,111,0,2640.0
2026-07-09T00:28:47Z,52,0,645.0
2026-07-09T00:28:47Z,35,0,99.0
2026-07-09T00:28:47Z,16,0,9.0
2026-07-09T00:28:47Z,14,0,11.9
2026-07-09T00:28:47Z,46,0,27.75
2026-07-09T00:28:47Z,64,0,47.0
2026-07-09T00:28:47Z,13,0,0.386
2026-07-09T00:28:47Z,68,0,34.5
2026-07-09T00:28:47Z,101,0,200.0
2026-07-09T00:28:47Z,11,0,41.0
2026-07-09T00:28:47Z,109,0,108.0
2026-07-09T00:28:47Z,30,0,174.0
2026-07-09T00:28:47Z,29,0,114.0
2026-07-09T00:28:47Z,43,0,12.2
2026-07-09T00:28:47Z,83,0,31.25
2026-07-09T00:28:47Z,154,0,96.5
2026-07-09T00:28:47Z,110,0,200.0
2026-07-09T00:28:47Z,12,0,41.0
2026-07-09T00:28:47Z,132,0,2580.0
2026-07-09T00:28:47Z,17,0,16.1
2026-07-09T00:28:47Z,112,0,2370.0
2026-07-09T00:28:47Z,125,0,26.25
2026-07-09T00:28:47Z,133,0,16.9
2026-07-09T00:28:47Z,116,0,43.0
2026-07-09T00:28:47Z,61,0,19.6
2026-07-09T00:28:47Z,62,0,22.5
2026-07-09T00:28:47Z,60,0,6.7
2026-07-09T00:28:47Z,18,0,21.25
2026-07-09T00:28:47Z,7,0,41.5
2026-07-09T00:28:47Z,100,0,125.0
2026-07-09T00:28:47Z,42,0,4.85
2026-07-09T00:28:47Z,59,0,70.5
2026-07-09T00:28:47Z,69,0,6650.0
2026-07-09T00:28:47Z,6,0,0.74
2026-07-09T00:28:47Z,19,0,12.2
2026-07-09T00:28:47Z,31,0,189.0
2026-07-09T00:28:47Z,22,0,92.0
2026-07-09T00:28:47Z,118,0,0.81
2026-07-09T00:28:47Z,134,0,54.0
2026-07-09T00:28:47Z,136,0,1.68
2026-07-09T00:28:47Z,21,0,59.0
2026-07-09T00:28:47Z,123,0,302.0
2026-07-09T00:28:47Z,135,0,21.5
2026-07-09T00:28:47Z,120,0,2.7
2026-07-09T00:28:47Z,104,0,1.04
2026-07-09T00:28:47Z,106,0,3.9
2026-07-09T00:28:47Z,8,0,12.3
2026-07-09T00:28:47Z,9,0,1.23
2026-07-09T00:28:47Z,45,0,14.1
2026-07-09T00:28:47Z,139,0,10.9
2026-07-09T00:28:47Z,24,0,605.0
2026-07-09T00:28:47Z,34,0,102.0
2026-07-09T00:28:47Z,32,0,230.0
2026-07-09T00:28:47Z,25,0,800.0
2026-07-09T00:28:47Z,105,0,1.65
2026-07-09T00:28:47Z,75,0,6.2
2026-07-09T00:28:47Z,76,0,62.5
2026-07-09T00:28:47Z,74,0,19.5
2026-07-09T00:28:47Z,44,0,1.35
2026-07-09T00:28:47Z,56,0,4420.0
2026-07-09T00:28:47Z,115,0,136.0
2026-07-09T00:28:47Z,108,0,9.8
2026-07-09T00:28:47Z,130,0,2090.0
2026-07-09T00:28:47Z,124,0,37.25
2026-07-09T00:28:47Z,143,0,765.0
2026-07-09T00:28:47Z,129,0,2190.0
2026-07-09T00:28:47Z,107,0,22.0
2026-07-09T00:28:47Z,65,0,14.7
2026-07-09T00:28:47Z,41,0,5.0
2026-07-09T00:28:47Z,47,0,462.0
2026-07-09T00:28:47Z,103,0,7.0
2026-07-09T00:28:47Z,5,0,3.3
2026-07-09T00:28:47Z,145,0,147.0
2026-07-09T00:28:47Z,121,0,151.0
2026-07-09T00:28:47Z,86,0,11300.0
2026-07-09T00:28:47Z,23,0,125.0
2026-07-09T00:28:47Z,20,0,118.0
2026-07-09T00:28:47Z,141,0,36.5
2026-07-09T00:28:47Z,126,0,51.5
2026-07-09T00:28:47Z,50,0,320.0
2026-07-09T00:28:47Z,98,0,895.0
2026-07-09T00:28:47Z,27,0,560.0
2026-07-09T00:28:47Z,28,0,970.0
2026-07-09T00:28:47Z,113,0,152.0
2026-07-09T00:28:47Z,122,0,127.0
2026-07-09T00:28:47Z,40,0,1.55
2026-07-09T00:28:47Z,142,0,855.0
2026-07-09T00:28:47Z,48,0,236.0
2026-07-09T00:28:47Z,140,0,294.0
2026-07-09T00:28:47Z,54,0,6550.0
2026-07-09T00:28:47Z,26,0,1180.0
2026-07-09T00:28:47Z,70,0,815.0
2026-07-09T00:28:47Z,150,0,372.0
2026-07-09T00:28:47Z,114,0,645.0
2026-07-09T00:28:47Z,85,0,7800.0
2026-07-09T00:28:47Z,149,0,990.0
2026-07-09T00:28:47Z,77,0,2800.0
2026-07-09T00:28:47Z,57,0,5800.0
2026-07-09T00:28:47Z,71,0,1640.0
2026-07-09T00:28:47Z,58,0,147.0
2026-07-09T00:28:47Z,51,0,790.0
2026-07-09T00:28:47Z,88,0,11500.0
2026-07-09T00:28:47Z,49,0,955.0
2026-07-09T00:28:47Z,127,0,474.0
2026-07-09T00:28:47Z,78,0,1930.0
2026-07-09T00:28:47Z,84,0,8950.0
2026-07-09T00:28:47Z,146,0,12.1
2026-07-09T00:28:47Z,137,0,122.0
2026-07-09T00:28:47Z,80,0,4970.0
2026-07-09T00:28:47Z,53,0,3380.0
2026-07-09T00:28:47Z,128,0,65.5
2026-07-09T00:28:47Z,82,0,1610.0
2026-07-09T00:28:47Z,81,0,5475.0
2026-07-09T00:28:47Z,89,0,5000.0
2026-07-09T00:28:47Z,155,0,130.0
2026-07-09T00:28:47Z,144,0,18.0
2026-07-09T00:28:47Z,147,0,47.0
2026-07-09T00:28:47Z,148,0,34.75
2026-07-09T00:28:47Z,63,0,34.25
2026-07-09T00:28:47Z,138,0,1210.0
2026-07-09T00:28:47Z,151,0,224.0
2026-07-09T00:28:47Z,152,0,232.0
2026-07-09T00:28:47Z,87,0,480.0
2026-07-09T00:28:47Z,67,0,12.7
2026-07-09T00:28:47Z,131,0,2430.0
2026-07-09T01:14:23Z,111,0,2620.0
2026-07-09T01:14:23Z,66,0,0.269
2026-07-09T01:14:23Z,153,0,100.0
2026-07-09T01:14:23Z,43,0,12.5
2026-07-09T01:14:23Z,1,0,0.273
2026-07-09T01:14:23Z,4,0,2.75
2026-07-09T01:14:23Z,11,0,41.25
2026-07-09T01:14:23Z,122,0,129.0
2026-07-09T01:14:23Z,9,0,1.31
2026-07-09T01:14:23Z,139,0,10.9
2026-07-09T01:14:23Z,112,0,2330.0
2026-07-09T01:14:23Z,32,0,234.0
2026-07-09T01:14:23Z,101,0,200.0
2026-07-09T01:14:23Z,154,0,98.0
2026-07-09T01:14:23Z,16,0,8.8
2026-07-09T01:14:23Z,10,0,31.0
2026-07-09T01:14:23Z,13,0,0.392
2026-07-09T01:14:23Z,2,0,0.378
2026-07-09T01:14:23Z,5,0,3.4
2026-07-09T01:14:23Z,35,0,101.0
2026-07-09T01:14:23Z,135,0,20.75
2026-07-09T01:14:23Z,21,0,59.5
2026-07-09T01:14:23Z,64,0,46.0
2026-07-09T01:14:23Z,60,0,6.6
2026-07-09T01:14:23Z,45,0,14.2
2026-07-09T01:14:23Z,18,0,21.25
2026-07-09T01:14:23Z,3,0,2.7
2026-07-09T01:14:23Z,65,0,14.6
2026-07-09T01:14:23Z,48,0,234.0
2026-07-09T01:14:23Z,106,0,4.0
2026-07-09T01:14:23Z,12,0,41.0
2026-07-09T01:14:23Z,69,0,6600.0
2026-07-09T01:14:23Z,137,0,121.0
2026-07-09T01:14:23Z,107,0,21.25
2026-07-09T01:14:23Z,109,0,107.0
2026-07-09T01:14:23Z,6,0,0.735
2026-07-09T01:14:23Z,25,0,800.0
2026-07-09T01:14:23Z,110,0,198.0
2026-07-09T01:14:23Z,17,0,15.8
2026-07-09T01:14:23Z,117,0,10.1
2026-07-09T01:14:23Z,7,0,42.5
2026-07-09T01:14:23Z,126,0,53.5
2026-07-09T01:14:23Z,68,0,32.75
2026-07-09T01:14:23Z,108,0,9.9
2026-07-09T01:14:23Z,15,0,10.4
2026-07-09T01:14:23Z,133,0,16.5
2026-07-09T01:14:23Z,102,0,2.8
2026-07-09T01:14:23Z,134,0,54.5
2026-07-09T01:14:23Z,22,0,93.0
2026-07-09T01:14:23Z,29,0,115.0
2026-07-09T01:14:23Z,116,0,42.75
2026-07-09T01:14:23Z,42,0,4.9
2026-07-09T01:14:23Z,75,0,6.4
2026-07-09T01:14:23Z,73,0,28.0
2026-07-09T01:14:23Z,125,0,24.5
2026-07-09T01:14:23Z,118,0,0.8
2026-07-09T01:14:23Z,46,0,27.5
2026-07-09T01:14:23Z,44,0,1.37
2026-07-09T01:14:23Z,83,0,30.75
2026-07-09T01:14:23Z,70,0,815.0
2026-07-09T01:14:23Z,31,0,190.0
2026-07-09T01:14:23Z,59,0,70.0
2026-07-09T01:14:23Z,20,0,120.0
2026-07-09T01:14:23Z,34,0,104.0
2026-07-09T01:14:23Z,14,0,12.1
2026-07-09T01:14:23Z,23,0,126.0
2026-07-09T01:14:23Z,120,0,2.7
2026-07-09T01:14:23Z,141,0,36.75
2026-07-09T01:14:23Z,145,0,146.0
2026-07-09T01:14:23Z,33,0,126.0
2026-07-09T01:14:23Z,61,0,19.9
2026-07-09T01:14:23Z,52,0,630.0
2026-07-09T01:14:23Z,40,0,1.54
2026-07-09T01:14:23Z,140,0,298.0
2026-07-09T01:14:23Z,26,0,1190.0
2026-07-09T01:14:23Z,8,0,12.2
2026-07-09T01:14:23Z,115,0,137.0
2026-07-09T01:14:23Z,98,0,895.0
2026-07-09T01:14:23Z,41,0,4.8
2026-07-09T01:14:23Z,19,0,12.2
2026-07-09T01:14:23Z,119,0,35.0
2026-07-09T01:14:23Z,103,0,6.9
2026-07-09T01:14:23Z,71,0,1620.0
2026-07-09T01:14:23Z,123,0,300.0
2026-07-09T01:14:23Z,30,0,171.0
2026-07-09T01:14:23Z,72,0,1.73
2026-07-09T01:14:23Z,113,0,151.0
2026-07-09T01:14:23Z,79,0,910.0
2026-07-09T01:14:23Z,47,0,464.0
2026-07-09T01:14:23Z,74,0,20.0
2026-07-09T01:14:23Z,24,0,610.0
2026-07-09T01:14:23Z,104,0,1.0
2026-07-09T01:14:23Z,55,0,2290.0
2026-07-09T01:14:23Z,132,0,2580.0
2026-07-09T01:14:23Z,62,0,22.5
2026-07-09T01:14:23Z,100,0,125.0
2026-07-09T01:14:23Z,136,0,1.68
2026-07-09T01:14:23Z,105,0,1.65
2026-07-09T01:14:23Z,76,0,62.5
2026-07-09T01:14:23Z,56,0,4420.0
2026-07-09T01:14:23Z,130,0,2090.0
2026-07-09T01:14:23Z,124,0,37.25
2026-07-09T01:14:23Z,143,0,765.0
2026-07-09T01:14:23Z,129,0,2190.0
2026-07-09T01:14:23Z,121,0,151.0
2026-07-09T01:14:23Z,86,0,11300.0
2026-07-09T01:14:23Z,50,0,320.0
2026-07-09T01:14:23Z,27,0,560.0
2026-07-09T01:14:23Z,28,0,970.0
2026-07-09T01:14:23Z,142,0,855.0
2026-07-09T01:14:23Z,54,0,6550.0
2026-07-09T01:14:23Z,150,0,372.0
2026-07-09T01:14:23Z,114,0,645.0
2026-07-09T01:14:23Z,85,0,7800.0
2026-07-09T01:14:23Z,149,0,990.0
2026-07-09T01:14:23Z,77,0,2800.0
2026-07-09T01:14:23Z,57,0,5800.0
2026-07-09T01:14:23Z,58,0,147.0
2026-07-09T01:14:23Z,51,0,790.0
2026-07-09T01:14:23Z,88,0,11500.0
2026-07-09T01:14:23Z,49,0,955.0
2026-07-09T01:14:23Z,127,0,474.0
2026-07-09T01:14:23Z,78,0,1930.0
2026-07-09T01:14:23Z,84,0,8950.0
2026-07-09T01:14:23Z,146,0,12.1
2026-07-09T01:14:23Z,80,0,4970.0
2026-07-09T01:14:23Z,53,0,3380.0
2026-07-09T01:14:23Z,128,0,65.5
2026-07-09T01:14:23Z,82,0,1610.0
2026-07-09T01:14:23Z,81,0,5475.0
2026-07-09T01:14:23Z,89,0,5000.0
2026-07-09T01:14:23Z,155,0,130.0
2026-07-09T01:14:23Z,144,0,18.0
2026-07-09T01:14:23Z,147,0,47.0
2026-07-09T01:14:23Z,148,0,34.75
2026-07-09T01:14:23Z,63,0,34.25
2026-07-09T01:14:23Z,138,0,1210.0
2026-07-09T01:14:23Z,151,0,224.0
2026-07-09T01:14:23Z,152,0,232.0
2026-07-09T01:14:23Z,87,0,480.0
2026-07-09T01:14:23Z,67,0,12.7
2026-07-09T01:14:23Z,131,0,2430.0
2026-07-09T05:06:00Z,1,0,0.275
2026-07-09T05:06:00Z,16,0,8.6
2026-07-09T05:06:00Z,54,0,6450.0
2026-07-09T05:06:00Z,111,0,2670.0
2026-07-09T05:06:00Z,2,0,0.379
2026-07-09T05:06:00Z,7,0,42.25
2026-07-09T05:06:00Z,126,0,53.0
2026-07-09T05:06:00Z,4,0,2.5
2026-07-09T05:06:00Z,29,0,117.0
2026-07-09T05:06:00Z,154,0,103.0
2026-07-09T05:06:00Z,61,0,19.9
2026-07-09T05:06:00Z,62,0,23.0
2026-07-09T05:06:00Z,13,0,0.394
2026-07-09T05:06:00Z,153,0,98.0
2026-07-09T05:06:00Z,17,0,15.8
2026-07-09T05:06:00Z,12,0,41.25
2026-07-09T05:06:00Z,66,0,0.267
2026-07-09T05:06:00Z,109,0,108.0
2026-07-09T05:06:00Z,22,0,90.5
2026-07-09T05:06:00Z,52,0,630.0
2026-07-09T05:06:00Z,120,0,2.7
2026-07-09T05:06:00Z,125,0,25.25
2026-07-09T05:06:00Z,18,0,20.25
2026-07-09T05:06:00Z,108,0,9.9
2026-07-09T05:06:00Z,3,0,2.5
2026-07-09T05:06:00Z,9,0,1.31
2026-07-09T05:06:00Z,21,0,57.5
2026-07-09T05:06:00Z,73,0,27.0
2026-07-09T05:06:00Z,140,0,292.0
2026-07-09T05:06:00Z,145,0,144.0
2026-07-09T05:06:00Z,115,0,133.0
2026-07-09T05:06:00Z,25,0,790.0
2026-07-09T05:06:00Z,44,0,1.34
2026-07-09T05:06:00Z,6,0,0.73
2026-07-09T05:06:00Z,42,0,4.9
2026-07-09T05:06:00Z,102,0,2.9
2026-07-09T05:06:00Z,14,0,12.1
2026-07-09T05:06:00Z,34,0,100.0
2026-07-09T05:06:00Z,72,0,1.68
2026-07-09T05:06:00Z,113,0,151.0
2026-07-09T05:06:00Z,41,0,5.1
2026-07-09T05:06:00Z,124,0,36.75
2026-07-09T05:06:00Z,30,0,175.0
2026-07-09T05:06:00Z,69,0,6675.0
2026-07-09T05:06:00Z,15,0,10.5
2026-07-09T05:06:00Z,103,0,6.7
2026-07-09T05:06:00Z,112,0,2380.0
2026-07-09T05:06:00Z,135,0,21.75
2026-07-09T05:06:00Z,117,0,9.6
2026-07-09T05:06:00Z,43,0,12.6
2026-07-09T05:06:00Z,107,0,21.75
2026-07-09T05:06:00Z,10,0,30.5
2026-07-09T05:06:00Z,5,0,3.35
2026-07-09T05:06:00Z,101,0,208.0
2026-07-09T05:06:00Z,142,0,860.0
2026-07-09T05:06:00Z,24,0,610.0
2026-07-09T05:06:00Z,31,0,190.0
2026-07-09T05:06:00Z,136,0,1.71
2026-07-09T05:06:00Z,32,0,238.0
2026-07-09T05:06:00Z,20,0,120.0
2026-07-09T05:06:00Z,104,0,1.01
2026-07-09T05:06:00Z,114,0,650.0
2026-07-09T05:06:00Z,139,0,10.8
2026-07-09T05:06:00Z,122,0,128.0
2026-07-09T05:06:00Z,75,0,6.8
2026-07-09T05:06:00Z,8,0,11.8
2026-07-09T05:06:00Z,119,0,33.75
2026-07-09T05:06:00Z,59,0,70.0
2026-07-09T05:06:00Z,26,0,1220.0
2026-07-09T05:06:00Z,106,0,4.65
2026-07-09T05:06:00Z,127,0,486.0
2026-07-09T05:06:00Z,129,0,2130.0
2026-07-09T05:06:00Z,57,0,5800.0
2026-07-09T05:06:00Z,60,0,6.6
2026-07-09T05:06:00Z,105,0,1.71
2026-07-09T05:06:00Z,76,0,64.0
2026-07-09T05:06:00Z,100,0,125.0
2026-07-09T05:06:00Z,134,0,54.0
2026-07-09T05:06:00Z,68,0,33.75
2026-07-09T05:06:00Z,40,0,1.57
2026-07-09T05:06:00Z,45,0,14.4
2026-07-09T05:06:00Z,47,0,448.0
2026-07-09T05:06:00Z,19,0,12.2
2026-07-09T05:06:00Z,56,0,4410.0
2026-07-09T05:06:00Z,46,0,28.5
2026-07-09T05:06:00Z,116,0,44.25
2026-07-09T05:06:00Z,79,0,895.0
2026-07-09T05:06:00Z,23,0,124.0
2026-07-09T05:06:00Z,63,0,34.5
2026-07-09T05:06:00Z,77,0,2840.0
2026-07-09T05:06:00Z,110,0,198.0
2026-07-09T05:06:00Z,64,0,46.5
2026-07-09T05:06:00Z,11,0,41.0
2026-07-09T05:06:00Z,74,0,20.25
2026-07-09T05:06:00Z,118,0,0.81
2026-07-09T05:06:00Z,28,0,950.0
2026-07-09T05:06:00Z,65,0,14.4
2026-07-09T05:06:00Z,132,0,2580.0
2026-07-09T05:06:00Z,149,0,990.0
2026-07-09T05:06:00Z,150,0,348.0
2026-07-09T05:06:00Z,148,0,34.75
2026-07-09T05:06:00Z,78,0,1930.0
2026-07-09T05:06:00Z,98,0,905.0
2026-07-09T05:06:00Z,133,0,16.8
2026-07-09T05:06:00Z,85,0,7825.0
2026-07-09T05:06:00Z,82,0,1630.0
2026-07-09T05:06:00Z,58,0,150.0
2026-07-09T05:06:00Z,35,0,99.0
2026-07-09T05:06:00Z,33,0,124.0
2026-07-09T05:06:00Z,27,0,570.0
2026-07-09T05:06:00Z,55,0,2280.0
2026-07-09T05:06:00Z,50,0,324.0
2026-07-09T05:06:00Z,123,0,302.0
2026-07-09T05:06:00Z,155,0,129.0
2026-07-09T05:06:00Z,89,0,4970.0
2026-07-09T05:06:00Z,83,0,30.5
2026-07-09T05:06:00Z,71,0,1630.0
2026-07-09T05:06:00Z,137,0,123.0
2026-07-09T05:06:00Z,141,0,36.75
2026-07-09T05:06:00Z,53,0,3370.0
2026-07-09T05:06:00Z,86,0,11200.0
2026-07-09T05:06:00Z,130,0,2130.0
2026-07-09T05:06:00Z,80,0,4970.0
2026-07-09T05:06:00Z,143,0,765.0
2026-07-09T05:06:00Z,51,0,790.0
2026-07-09T05:06:00Z,121,0,151.0
2026-07-09T05:06:00Z,81,0,5500.0
2026-07-09T05:06:00Z,146,0,12.1
2026-07-09T05:06:00Z,48,0,230.0
2026-07-09T05:06:00Z,84,0,8950.0
2026-07-09T05:06:00Z,49,0,955.0
2026-07-09T05:06:00Z,70,0,820.0
2026-07-09T05:06:00Z,88,0,11800.0
2026-07-09T05:06:00Z,128,0,65.5
2026-07-09T05:06:00Z,144,0,18.0
2026-07-09T05:06:00Z,147,0,47.0
2026-07-09T05:06:00Z,138,0,1210.0
2026-07-09T05:06:00Z,151,0,224.0
2026-07-09T05:06:00Z,152,0,232.0
2026-07-09T05:06:00Z,87,0,480.0
2026-07-09T05:06:00Z,67,0,12.7
2026-07-09T05:06:00Z,131,0,2430.0
2026-07-09T08:42:13Z,43,0,11.8
2026-07-09T08:42:13Z,33,0,122.0
2026-07-09T08:42:13Z,25,0,790.0
2026-07-09T08:42:13Z,1,0,0.268
2026-07-09T08:42:13Z,111,0,2640.0
2026-07-09T08:42:13Z,108,0,9.9
2026-07-09T08:42:13Z,139,0,10.5
2026-07-09T08:42:13Z,154,0,97.0
2026-07-09T08:42:13Z,46,0,26.25
2026-07-09T08:42:13Z,2,0,0.388
2026-07-09T08:42:13Z,134,0,54.0
2026-07-09T08:42:13Z,13,0,0.394
2026-07-09T08:42:13Z,75,0,6.5
2026-07-09T08:42:13Z,115,0,130.0
2026-07-09T08:42:13Z,17,0,15.8
2026-07-09T08:42:13Z,14,0,12.3
2026-07-09T08:42:13Z,21,0,59.5
2026-07-09T08:42:13Z,8,0,12.2
2026-07-09T08:42:13Z,86,0,11400.0
2026-07-09T08:42:13Z,34,0,100.0
2026-07-09T08:42:13Z,69,0,6450.0
2026-07-09T08:42:13Z,142,0,850.0
2026-07-09T08:42:13Z,59,0,69.0
2026-07-09T08:42:13Z,109,0,108.0
2026-07-09T08:42:13Z,61,0,19.9
2026-07-09T08:42:13Z,102,0,2.9
2026-07-09T08:42:13Z,64,0,47.25
2026-07-09T08:42:13Z,73,0,27.0
2026-07-09T08:42:13Z,117,0,9.5
2026-07-09T08:42:13Z,124,0,37.0
2026-07-09T08:42:13Z,15,0,10.5
2026-07-09T08:42:13Z,42,0,5.1
2026-07-09T08:42:13Z,3,0,2.5
2026-07-09T08:42:13Z,9,0,1.25
2026-07-09T08:42:13Z,101,0,204.0
2026-07-09T08:42:13Z,4,0,2.55
2026-07-09T08:42:13Z,66,0,0.272
2026-07-09T08:42:13Z,140,0,262.0
2026-07-09T08:42:13Z,118,0,0.815
2026-07-09T08:42:13Z,74,0,22.0
2026-07-09T08:42:13Z,18,0,21.5
2026-07-09T08:42:13Z,113,0,145.0
2026-07-09T08:42:13Z,153,0,121.0
2026-07-09T08:42:13Z,30,0,174.0
2026-07-09T08:42:13Z,125,0,25.75
2026-07-09T08:42:13Z,116,0,44.0
2026-07-09T08:42:13Z,35,0,98.0
2026-07-09T08:42:13Z,51,0,785.0
2026-07-09T08:42:13Z,11,0,41.25
2026-07-09T08:42:13Z,120,0,2.6
2026-07-09T08:42:13Z,122,0,124.0
2026-07-09T08:42:13Z,105,0,1.64
2026-07-09T08:42:13Z,6,0,0.74
2026-07-09T08:42:13Z,7,0,41.75
2026-07-09T08:42:13Z,29,0,113.0
2026-07-09T08:42:13Z,106,0,4.45
2026-07-09T08:42:13Z,100,0,124.0
2026-07-09T08:42:13Z,78,0,1940.0
2026-07-09T08:42:13Z,112,0,2380.0
2026-07-09T08:42:13Z,110,0,197.0
2026-07-09T08:42:13Z,10,0,30.75
2026-07-09T08:42:13Z,133,0,16.1
2026-07-09T08:42:13Z,41,0,5.0
2026-07-09T08:42:13Z,16,0,8.7
2026-07-09T08:42:13Z,103,0,6.7
2026-07-09T08:42:13Z,60,0,6.7
2026-07-09T08:42:13Z,83,0,31.0
2026-07-09T08:42:13Z,98,0,875.0
2026-07-09T08:42:13Z,143,0,740.0
2026-07-09T08:42:13Z,149,0,960.0
2026-07-09T08:42:13Z,24,0,610.0
2026-07-09T08:42:13Z,129,0,2180.0
2026-07-09T08:42:13Z,126,0,55.0
2026-07-09T08:42:13Z,107,0,20.5
2026-07-09T08:42:13Z,121,0,150.0
2026-07-09T08:42:13Z,54,0,6500.0
2026-07-09T08:42:13Z,19,0,12.0
2026-07-09T08:42:13Z,44,0,1.32
2026-07-09T08:42:13Z,52,0,620.0
2026-07-09T08:42:13Z,79,0,890.0
2026-07-09T08:42:13Z,12,0,40.25
2026-07-09T08:42:13Z,77,0,2820.0
2026-07-09T08:42:13Z,72,0,1.68
2026-07-09T08:42:13Z,20,0,118.0
2026-07-09T08:42:13Z,23,0,124.0
2026-07-09T08:42:13Z,119,0,32.0
2026-07-09T08:42:13Z,32,0,234.0
2026-07-09T08:42:13Z,123,0,304.0
2026-07-09T08:42:13Z,80,0,4960.0
2026-07-09T08:42:13Z,136,0,1.77
2026-07-09T08:42:13Z,40,0,1.63
2026-07-09T08:42:13Z,104,0,1.03
2026-07-09T08:42:13Z,50,0,328.0
2026-07-09T08:42:13Z,5,0,3.2
2026-07-09T08:42:13Z,22,0,91.5
2026-07-09T08:42:13Z,150,0,380.0
2026-07-09T08:42:13Z,68,0,33.5
2026-07-09T08:42:13Z,132,0,2640.0
2026-07-09T08:42:13Z,76,0,62.0
2026-07-09T08:42:13Z,62,0,23.25
2026-07-09T08:42:13Z,114,0,670.0
2026-07-09T08:42:13Z,45,0,14.2
2026-07-09T08:42:13Z,47,0,438.0
2026-07-09T08:42:13Z,57,0,5850.0
2026-07-09T08:42:13Z,148,0,35.5
2026-07-09T08:42:13Z,71,0,1620.0
2026-07-09T08:42:13Z,63,0,34.5
2026-07-09T08:42:13Z,27,0,580.0
2026-07-09T08:42:13Z,138,0,1320.0
2026-07-09T08:42:13Z,65,0,14.9
2026-07-09T08:42:13Z,70,0,835.0
2026-07-09T08:42:13Z,155,0,133.0
2026-07-09T08:42:13Z,135,0,21.25
2026-07-09T08:42:13Z,152,0,232.0
2026-07-09T08:42:13Z,151,0,236.0
2026-07-09T08:42:13Z,147,0,47.5
2026-07-09T08:42:13Z,31,0,190.0
2026-07-09T08:42:13Z,67,0,12.9
2026-07-09T08:42:13Z,146,0,12.2
2026-07-09T08:42:13Z,145,0,145.0
2026-07-09T08:42:13Z,58,0,145.0
2026-07-09T08:42:13Z,49,0,940.0
2026-07-09T08:42:13Z,26,0,1220.0
2026-07-09T08:42:13Z,28,0,955.0
2026-07-09T08:42:13Z,89,0,4960.0
2026-07-09T08:42:13Z,88,0,11900.0
2026-07-09T08:42:13Z,81,0,5550.0
2026-07-09T08:42:13Z,48,0,230.0
2026-07-09T08:42:13Z,144,0,17.8
2026-07-09T08:42:13Z,137,0,127.0
2026-07-09T08:42:13Z,128,0,65.5
2026-07-09T08:42:13Z,130,0,2140.0
2026-07-09T08:42:13Z,127,0,486.0
2026-07-09T08:42:13Z,53,0,3340.0
2026-07-09T08:42:13Z,84,0,8950.0
2026-07-09T08:42:13Z,55,0,2290.0
2026-07-09T08:42:13Z,85,0,7825.0
2026-07-09T08:42:13Z,131,0,2440.0
2026-07-09T08:42:13Z,56,0,4410.0
2026-07-09T08:42:13Z,82,0,1630.0
2026-07-09T08:42:13Z,141,0,36.75
2026-07-09T08:42:13Z,87,0,480.0
2026-07-09T11:35:54Z,21,0,58.5
2026-07-09T11:35:54Z,154,0,92.0
2026-07-09T11:35:54Z,32,0,232.0
2026-07-09T11:35:54Z,111,0,2660.0
2026-07-09T11:35:54Z,101,0,202.0
2026-07-09T11:35:54Z,102,0,2.85
2026-07-09T11:35:54Z,19,0,11.9
2026-07-09T11:35:54Z,16,0,8.7
2026-07-09T11:35:54Z,12,0,41.25
2026-07-09T11:35:54Z,1,0,0.266
2026-07-09T11:35:54Z,66,0,0.274
2026-07-09T11:35:54Z,108,0,10.0
2026-07-09T11:35:54Z,153,0,89.0
2026-07-09T11:35:54Z,115,0,131.0
2026-07-09T11:35:54Z,2,0,0.383
2026-07-09T11:35:54Z,31,0,185.0
2026-07-09T11:35:54Z,124,0,35.5
2026-07-09T11:35:54Z,30,0,170.0
2026-07-09T11:35:54Z,135,0,22.0
2026-07-09T11:35:54Z,45,0,14.4
2026-07-09T11:35:54Z,10,0,30.25
2026-07-09T11:35:54Z,29,0,110.0
2026-07-09T11:35:54Z,60,0,6.6
2026-07-09T11:35:54Z,68,0,32.5
2026-07-09T11:35:54Z,110,0,196.0
2026-07-09T11:35:54Z,3,0,2.75
2026-07-09T11:35:54Z,70,0,840.0
2026-07-09T11:35:54Z,56,0,4410.0
2026-07-09T11:35:54Z,13,0,0.388
2026-07-09T11:35:54Z,41,0,4.7
2026-07-09T11:35:54Z,27,0,580.0
2026-07-09T11:35:54Z,18,0,20.0
2026-07-09T11:35:54Z,43,0,12.4
2026-07-09T11:35:54Z,9,0,1.24
2026-07-09T11:35:54Z,140,0,264.0
2026-07-09T11:35:54Z,8,0,11.4
2026-07-09T11:35:54Z,44,0,1.27
2026-07-09T11:35:54Z,42,0,4.9
2026-07-09T11:35:54Z,69,0,6575.0
2026-07-09T11:35:54Z,106,0,4.1
2026-07-09T11:35:54Z,75,0,6.6
2026-07-09T11:35:54Z,17,0,15.6
2026-07-09T11:35:54Z,104,0,1.02
2026-07-09T11:35:54Z,127,0,486.0
2026-07-09T11:35:54Z,120,0,2.6
2026-07-09T11:35:54Z,54,0,6325.0
2026-07-09T11:35:54Z,14,0,11.6
2026-07-09T11:35:54Z,72,0,1.61
2026-07-09T11:35:54Z,61,0,19.9
2026-07-09T11:35:54Z,125,0,25.75
2026-07-09T11:35:54Z,52,0,660.0
2026-07-09T11:35:54Z,112,0,2370.0
2026-07-09T11:35:54Z,7,0,42.75
2026-07-09T11:35:54Z,40,0,1.56
2026-07-09T11:35:54Z,121,0,147.0
2026-07-09T11:35:54Z,73,0,27.5
2026-07-09T11:35:54Z,119,0,34.5
2026-07-09T11:35:54Z,65,0,14.6
2026-07-09T11:35:54Z,25,0,795.0
2026-07-09T11:35:54Z,59,0,69.5
2026-07-09T11:35:54Z,139,0,11.0
2026-07-09T11:35:54Z,20,0,120.0
2026-07-09T11:35:54Z,22,0,91.5
2026-07-09T11:35:54Z,51,0,795.0
2026-07-09T11:35:54Z,11,0,40.25
2026-07-09T11:35:54Z,5,0,3.35
2026-07-09T11:35:54Z,77,0,2790.0
2026-07-09T11:35:54Z,47,0,442.0
2026-07-09T11:35:54Z,4,0,2.55
2026-07-09T11:35:54Z,109,0,108.0
2026-07-09T11:35:54Z,15,0,10.0
2026-07-09T11:35:54Z,46,0,26.5
2026-07-09T11:35:54Z,114,0,650.0
2026-07-09T11:35:54Z,58,0,141.0
2026-07-09T11:35:54Z,6,0,0.695
2026-07-09T11:35:54Z,123,0,300.0
2026-07-09T11:35:54Z,117,0,9.7
2026-07-09T11:35:54Z,34,0,98.0
2026-07-09T11:35:54Z,55,0,2280.0
2026-07-09T11:35:54Z,136,0,1.74
2026-07-09T11:35:54Z,107,0,21.5
2026-07-09T11:35:54Z,23,0,125.0
2026-07-09T11:35:54Z,71,0,1630.0
2026-07-09T11:35:54Z,64,0,46.0
2026-07-09T11:35:54Z,122,0,128.0
2026-07-09T11:35:54Z,142,0,855.0
2026-07-09T11:35:54Z,98,0,900.0
2026-07-09T11:35:54Z,133,0,15.5
2026-07-09T11:35:54Z,79,0,900.0
2026-07-09T11:35:54Z,24,0,620.0
2026-07-09T11:35:54Z,74,0,21.25
2026-07-09T11:35:54Z,132,0,2630.0
2026-07-09T11:35:54Z,76,0,63.5
2026-07-09T11:35:54Z,35,0,98.5
2026-07-09T11:35:54Z,126,0,53.5
2026-07-09T11:35:54Z,118,0,0.805
2026-07-09T11:35:54Z,33,0,123.0
2026-07-09T11:35:54Z,50,0,326.0
2026-07-09T11:35:54Z,134,0,54.0
2026-07-09T11:35:54Z,105,0,1.59
2026-07-09T11:35:54Z,145,0,144.0
2026-07-09T11:35:54Z,78,0,1960.0
2026-07-09T11:35:54Z,131,0,2430.0
2026-07-09T11:35:54Z,81,0,5450.0
2026-07-09T11:35:54Z,148,0,35.25
2026-07-09T11:35:54Z,150,0,376.0
2026-07-09T11:35:54Z,103,0,6.7
2026-07-09T11:35:54Z,146,0,12.1
2026-07-09T11:35:54Z,87,0,478.0
2026-07-09T11:35:54Z,138,0,1340.0
2026-07-09T11:35:54Z,28,0,930.0
2026-07-09T11:35:54Z,62,0,22.75
2026-07-09T11:35:54Z,86,0,11500.0
2026-07-09T11:35:54Z,116,0,44.25
2026-07-09T11:35:54Z,57,0,5850.0
2026-07-09T11:35:54Z,128,0,65.0
2026-07-09T11:35:54Z,100,0,125.0
2026-07-09T11:35:54Z,155,0,129.0
2026-07-09T11:35:54Z,151,0,234.0
2026-07-09T11:35:54Z,144,0,17.7
2026-07-09T11:35:54Z,67,0,12.7
2026-07-09T11:35:54Z,83,0,32.25
2026-07-09T11:35:54Z,149,0,955.0
2026-07-09T11:35:54Z,143,0,735.0
2026-07-09T11:35:54Z,80,0,4950.0
2026-07-09T11:35:54Z,129,0,2170.0
2026-07-09T11:35:54Z,49,0,935.0
2026-07-09T11:35:54Z,48,0,228.0
2026-07-09T11:35:54Z,137,0,127.0
2026-07-09T11:35:54Z,26,0,1210.0
2026-07-09T11:35:54Z,113,0,149.0
2026-07-09T11:35:54Z,89,0,4970.0
2026-07-09T11:35:54Z,82,0,1620.0
2026-07-09T11:35:54Z,63,0,34.5
2026-07-09T11:35:54Z,152,0,232.0
2026-07-09T11:35:54Z,147,0,47.5
2026-07-09T11:35:54Z,88,0,11900.0
2026-07-09T11:35:54Z,130,0,2140.0
2026-07-09T11:35:54Z,53,0,3340.0
2026-07-09T11:35:54Z,84,0,8950.0
2026-07-09T11:35:54Z,85,0,7825.0
2026-07-09T11:35:54Z,141,0,36.75
2026-07-09T14:06:55Z,153,0,84.5
2026-07-09T14:06:55Z,14,0,11.8
2026-07-09T14:06:55Z,41,0,4.85
2026-07-09T14:06:55Z,1,0,0.271
2026-07-09T14:06:55Z,67,0,12.7
2026-07-09T14:06:55Z,60,0,6.0
2026-07-09T14:06:55Z,2,0,0.385
2026-07-09T14:06:55Z,102,0,2.9
2026-07-09T14:06:55Z,66,0,0.285
2026-07-09T14:06:55Z,108,0,9.8
2026-07-09T14:06:55Z,3,0,2.7
2026-07-09T14:06:55Z,106,0,4.6
2026-07-09T14:06:55Z,33,0,121.0
2026-07-09T14:06:55Z,10,0,31.0
2026-07-09T14:06:55Z,135,0,21.5
2026-07-09T14:06:55Z,154,0,96.0
2026-07-09T14:06:55Z,126,0,54.5
2026-07-09T14:06:55Z,13,0,0.397
2026-07-09T14:06:55Z,12,0,40.5
2026-07-09T14:06:55Z,18,0,21.25
2026-07-09T14:06:55Z,17,0,15.7
2026-07-09T14:06:55Z,64,0,45.5
2026-07-09T14:06:55Z,16,0,8.5
2026-07-09T14:06:55Z,5,0,3.4
2026-07-09T14:06:55Z,63,0,34.75
2026-07-09T14:06:55Z,111,0,2610.0
2026-07-09T14:06:55Z,103,0,7.0
2026-07-09T14:06:55Z,9,0,1.27
2026-07-09T14:06:55Z,73,0,27.5
2026-07-09T14:06:55Z,136,0,1.83
2026-07-09T14:06:55Z,101,0,204.0
2026-07-09T14:06:55Z,47,0,448.0
2026-07-09T14:06:55Z,46,0,27.0
2026-07-09T14:06:55Z,8,0,11.5
2026-07-09T14:06:55Z,19,0,11.7
2026-07-09T14:06:55Z,4,0,2.7
2026-07-09T14:06:55Z,72,0,1.7
2026-07-09T14:06:55Z,52,0,640.0
2026-07-09T14:06:55Z,112,0,2370.0
2026-07-09T14:06:55Z,70,0,815.0
2026-07-09T14:06:55Z,43,0,12.8
2026-07-09T14:06:55Z,21,0,59.5
2026-07-09T14:06:55Z,100,0,125.0
2026-07-09T14:06:55Z,140,0,278.0
2026-07-09T14:06:55Z,69,0,6500.0
2026-07-09T14:06:55Z,133,0,16.2
2026-07-09T14:06:55Z,24,0,625.0
2026-07-09T14:06:55Z,119,0,35.75
2026-07-09T14:06:55Z,120,0,2.75
2026-07-09T14:06:55Z,20,0,119.0
2026-07-09T14:06:55Z,149,0,955.0
2026-07-09T14:06:55Z,34,0,100.0
2026-07-09T14:06:55Z,29,0,113.0
2026-07-09T14:06:55Z,131,0,2410.0
2026-07-09T14:06:55Z,125,0,26.75
2026-07-09T14:06:55Z,143,0,735.0
2026-07-09T14:06:55Z,130,0,2120.0
2026-07-09T14:06:55Z,32,0,236.0
2026-07-09T14:06:55Z,127,0,488.0
2026-07-09T14:06:55Z,44,0,1.3
2026-07-09T14:06:55Z,6,0,0.675
2026-07-09T14:06:55Z,22,0,91.5
2026-07-09T14:06:55Z,7,0,42.5
2026-07-09T14:06:55Z,134,0,55.5
2026-07-09T14:06:55Z,139,0,10.5
2026-07-09T14:06:55Z,30,0,171.0
2026-07-09T14:06:55Z,75,0,6.5
2026-07-09T14:06:55Z,77,0,2770.0
2026-07-09T14:06:55Z,61,0,20.5
2026-07-09T14:06:55Z,138,0,1330.0
2026-07-09T14:06:55Z,115,0,131.0
2026-07-09T14:06:55Z,42,0,5.2
2026-07-09T14:06:55Z,68,0,32.5
2026-07-09T14:06:55Z,118,0,0.805
2026-07-09T14:06:55Z,150,0,370.0
2026-07-09T14:06:55Z,48,0,224.0
2026-07-09T14:06:55Z,76,0,62.5
2026-07-09T14:06:55Z,31,0,183.0
2026-07-09T14:06:55Z,58,0,139.0
2026-07-09T14:06:55Z,122,0,129.0
2026-07-09T14:06:55Z,107,0,20.75
2026-07-09T14:06:55Z,110,0,195.0
2026-07-09T14:06:55Z,109,0,106.0
2026-07-09T14:06:55Z,123,0,302.0
2026-07-09T14:06:55Z,117,0,9.8
2026-07-09T14:06:55Z,146,0,12.2
2026-07-09T14:06:55Z,105,0,1.65
2026-07-09T14:06:55Z,65,0,14.9
2026-07-09T14:06:55Z,45,0,14.2
2026-07-09T14:06:55Z,35,0,97.5
2026-07-09T14:06:55Z,79,0,895.0
2026-07-09T14:06:55Z,56,0,4460.0
2026-07-09T14:06:55Z,57,0,5800.0
2026-07-09T14:06:55Z,113,0,148.0
2026-07-09T14:06:55Z,74,0,20.5
2026-07-09T14:06:55Z,85,0,7850.0
2026-07-09T14:06:55Z,81,0,5475.0
2026-07-09T14:06:55Z,15,0,10.2
2026-07-09T14:06:55Z,86,0,11400.0
2026-07-09T14:06:55Z,25,0,795.0
2026-07-09T14:06:55Z,121,0,147.0
2026-07-09T14:06:55Z,71,0,1640.0
2026-07-09T14:06:55Z,83,0,33.0
2026-07-09T14:06:55Z,11,0,41.25
2026-07-09T14:06:55Z,51,0,785.0
2026-07-09T14:06:55Z,104,0,1.02
2026-07-09T14:06:55Z,40,0,1.47
2026-07-09T14:06:55Z,98,0,900.0
2026-07-09T14:06:55Z,53,0,3340.0
2026-07-09T14:06:55Z,88,0,11600.0
2026-07-09T14:06:55Z,55,0,2290.0
2026-07-09T14:06:55Z,116,0,44.5
2026-07-09T14:06:55Z,124,0,37.5
2026-07-09T14:06:55Z,132,0,2600.0
2026-07-09T14:06:55Z,49,0,940.0
2026-07-09T14:06:55Z,54,0,6500.0
2026-07-09T14:06:55Z,59,0,69.5
2026-07-09T14:06:55Z,129,0,2150.0
2026-07-09T14:06:55Z,145,0,146.0
2026-07-09T14:06:55Z,28,0,950.0
2026-07-09T14:06:55Z,50,0,320.0
2026-07-09T14:06:55Z,82,0,1630.0
2026-07-09T14:06:55Z,23,0,124.0
2026-07-09T14:06:55Z,114,0,635.0
2026-07-09T14:06:55Z,142,0,850.0
2026-07-09T14:06:55Z,26,0,1190.0
2026-07-09T14:06:55Z,141,0,36.5
2026-07-09T14:06:55Z,80,0,4940.0
2026-07-09T14:06:55Z,137,0,127.0
2026-07-09T14:06:55Z,27,0,575.0
2026-07-09T14:06:55Z,62,0,23.0
2026-07-09T14:06:55Z,151,0,234.0
2026-07-09T14:06:55Z,144,0,17.7
2026-07-09T14:06:55Z,78,0,1960.0
2026-07-09T14:06:55Z,148,0,35.25
2026-07-09T14:06:55Z,87,0,478.0
2026-07-09T14:06:55Z,128,0,65.0
2026-07-09T14:06:55Z,155,0,129.0
2026-07-09T14:06:55Z,89,0,4970.0
2026-07-09T14:06:55Z,152,0,232.0
2026-07-09T14:06:55Z,147,0,47.5
2026-07-09T14:06:55Z,84,0,8950.0
2026-07-09T16:35:59Z,118,0,0.81
2026-07-09T16:35:59Z,72,0,1.7
2026-07-09T16:35:59Z,42,0,5.0
2026-07-09T16:35:59Z,2,0,0.381
2026-07-09T16:35:59Z,154,0,97.0
2026-07-09T16:35:59Z,1,0,0.275
2026-07-09T16:35:59Z,22,0,90.0
2026-07-09T16:35:59Z,59,0,71.0
2026-07-09T16:35:59Z,10,0,30.25
2026-07-09T16:35:59Z,20,0,115.0
2026-07-09T16:35:59Z,140,0,260.0
2026-07-09T16:35:59Z,12,0,41.0
2026-07-09T16:35:59Z,14,0,11.9
2026-07-09T16:35:59Z,117,0,9.9
2026-07-09T16:35:59Z,13,0,0.392
2026-07-09T16:35:59Z,108,0,9.7
2026-07-09T16:35:59Z,73,0,28.0
2026-07-09T16:35:59Z,74,0,19.5
2026-07-09T16:35:59Z,111,0,2660.0
2026-07-09T16:35:59Z,16,0,8.0
2026-07-09T16:35:59Z,7,0,44.75
2026-07-09T16:35:59Z,102,0,2.85
2026-07-09T16:35:59Z,60,0,6.8
2026-07-09T16:35:59Z,104,0,1.01
2026-07-09T16:35:59Z,136,0,1.7
2026-07-09T16:35:59Z,52,0,650.0
2026-07-09T16:35:59Z,54,0,6400.0
2026-07-09T16:35:59Z,126,0,53.0
2026-07-09T16:35:59Z,123,0,292.0
2026-07-09T16:35:59Z,69,0,6475.0
2026-07-09T16:35:59Z,40,0,1.61
2026-07-09T16:35:59Z,25,0,795.0
2026-07-09T16:35:59Z,135,0,21.5
2026-07-09T16:35:59Z,79,0,915.0
2026-07-09T16:35:59Z,4,0,2.65
2026-07-09T16:35:59Z,46,0,28.75
2026-07-09T16:35:59Z,75,0,6.8
2026-07-09T16:35:59Z,139,0,11.4
2026-07-09T16:35:59Z,100,0,124.0
2026-07-09T16:35:59Z,18,0,21.0
2026-07-09T16:35:59Z,31,0,185.0
2026-07-09T16:35:59Z,66,0,0.272
2026-07-09T16:35:59Z,3,0,2.7
2026-07-09T16:35:59Z,6,0,0.705
2026-07-09T16:35:59Z,44,0,1.32
2026-07-09T16:35:59Z,105,0,1.68
2026-07-09T16:35:59Z,47,0,426.0
2026-07-09T16:35:59Z,17,0,15.6
2026-07-09T16:35:59Z,9,0,1.25
2026-07-09T16:35:59Z,64,0,44.5
2026-07-09T16:35:59Z,27,0,545.0
2026-07-09T16:35:59Z,8,0,12.4
2026-07-09T16:35:59Z,133,0,16.1
2026-07-09T16:35:59Z,125,0,27.0
2026-07-09T16:35:59Z,11,0,41.0
2026-07-09T16:35:59Z,153,0,99.0
2026-07-09T16:35:59Z,43,0,12.6
2026-07-09T16:35:59Z,21,0,59.0
2026-07-09T16:35:59Z,5,0,3.35
2026-07-09T16:35:59Z,119,0,34.5
2026-07-09T16:35:59Z,28,0,940.0
2026-07-09T16:35:59Z,88,0,11800.0
2026-07-09T16:35:59Z,77,0,2830.0
2026-07-09T16:35:59Z,83,0,32.25
2026-07-09T16:35:59Z,15,0,10.4
2026-07-09T16:35:59Z,65,0,14.9
2026-07-09T16:35:59Z,101,0,202.0
2026-07-09T16:35:59Z,30,0,172.0
2026-07-09T16:35:59Z,98,0,895.0
2026-07-09T16:35:59Z,45,0,14.0
2026-07-09T16:35:59Z,34,0,99.0
2026-07-09T16:35:59Z,128,0,64.5
2026-07-09T16:35:59Z,32,0,228.0
2026-07-09T16:35:59Z,122,0,131.0
2026-07-09T16:35:59Z,29,0,115.0
2026-07-09T16:35:59Z,129,0,2120.0
2026-07-09T16:35:59Z,120,0,2.5
2026-07-09T16:35:59Z,24,0,625.0
2026-07-09T16:35:59Z,61,0,19.3
2026-07-09T16:35:59Z,41,0,4.75
2026-07-09T16:35:59Z,142,0,845.0
2026-07-09T16:35:59Z,51,0,785.0
2026-07-09T16:35:59Z,112,0,2360.0
2026-07-09T16:35:59Z,76,0,64.5
2026-07-09T16:35:59Z,116,0,45.0
2026-07-09T16:35:59Z,19,0,12.1
2026-07-09T16:35:59Z,145,0,140.0
2026-07-09T16:35:59Z,62,0,22.25
2026-07-09T16:35:59Z,107,0,21.0
2026-07-09T16:35:59Z,58,0,139.0
2026-07-09T16:35:59Z,35,0,95.5
2026-07-09T16:35:59Z,134,0,55.5
2026-07-09T16:35:59Z,110,0,195.0
2026-07-09T16:35:59Z,23,0,121.0
2026-07-09T16:35:59Z,71,0,1640.0
2026-07-09T16:35:59Z,89,0,4970.0
2026-07-09T16:35:59Z,50,0,326.0
2026-07-09T16:35:59Z,106,0,4.15
2026-07-09T16:35:59Z,33,0,120.0
2026-07-09T16:35:59Z,124,0,37.25
2026-07-09T16:35:59Z,103,0,6.9
2026-07-09T16:35:59Z,109,0,106.0
2026-07-09T16:35:59Z,127,0,490.0
2026-07-09T16:35:59Z,70,0,840.0
2026-07-09T16:35:59Z,68,0,32.75
2026-07-09T16:35:59Z,155,0,127.0
2026-07-09T16:35:59Z,151,0,230.0
2026-07-09T16:35:59Z,144,0,17.6
2026-07-09T16:35:59Z,55,0,2300.0
2026-07-09T16:35:59Z,82,0,1630.0
2026-07-09T16:35:59Z,138,0,1320.0
2026-07-09T16:35:59Z,147,0,46.75
2026-07-09T16:35:59Z,115,0,133.0
2026-07-09T16:35:59Z,130,0,2100.0
2026-07-09T16:35:59Z,26,0,1220.0
2026-07-09T16:35:59Z,56,0,4440.0
2026-07-09T16:35:59Z,80,0,4970.0
2026-07-09T16:35:59Z,63,0,34.5
2026-07-09T16:35:59Z,78,0,1960.0
2026-07-09T16:35:59Z,150,0,370.0
2026-07-09T16:35:59Z,121,0,148.0
2026-07-09T16:35:59Z,113,0,149.0
2026-07-09T16:35:59Z,84,0,8925.0
2026-07-09T16:35:59Z,81,0,5450.0
2026-07-09T16:35:59Z,143,0,720.0
2026-07-09T16:35:59Z,49,0,950.0
2026-07-09T16:35:59Z,48,0,230.0
2026-07-09T16:35:59Z,146,0,12.2
2026-07-09T16:35:59Z,137,0,127.0
2026-07-09T16:35:59Z,114,0,665.0
2026-07-09T16:35:59Z,132,0,2580.0
2026-07-09T16:35:59Z,141,0,36.5
2026-07-09T16:35:59Z,57,0,5775.0
2026-07-09T16:35:59Z,53,0,3350.0
2026-07-09T16:35:59Z,67,0,12.6
2026-07-09T16:35:59Z,149,0,955.0
2026-07-09T16:35:59Z,131,0,2410.0
2026-07-09T16:35:59Z,85,0,7850.0
2026-07-09T16:35:59Z,86,0,11400.0
2026-07-09T16:35:59Z,148,0,35.25
2026-07-09T16:35:59Z,87,0,478.0
2026-07-09T16:35:59Z,152,0,232.0
2026-07-09T18:21:24Z,69,0,6425.0
2026-07-09T18:21:24Z,75,0,6.7
2026-07-09T18:21:24Z,2,0,0.383
2026-07-09T18:21:24Z,135,0,21.75
2026-07-09T18:21:24Z,1,0,0.27
2026-07-09T18:21:24Z,31,0,186.0
2026-07-09T18:21:24Z,15,0,10.4
2026-07-09T18:21:24Z,30,0,170.0
2026-07-09T18:21:24Z,73,0,26.25
2026-07-09T18:21:24Z,8,0,12.0
2026-07-09T18:21:24Z,71,0,1610.0
2026-07-09T18:21:24Z,41,0,4.45
2026-07-09T18:21:24Z,7,0,42.25
2026-07-09T18:21:24Z,3,0,2.75
2026-07-09T18:21:24Z,13,0,0.39
2026-07-09T18:21:24Z,17,0,15.7
2026-07-09T18:21:24Z,4,0,2.55
2026-07-09T18:21:24Z,122,0,128.0
2026-07-09T18:21:24Z,11,0,41.0
2026-07-09T18:21:24Z,72,0,1.67
2026-07-09T18:21:24Z,22,0,89.0
2026-07-09T18:21:24Z,79,0,910.0
2026-07-09T18:21:24Z,139,0,11.0
2026-07-09T18:21:24Z,117,0,10.0
2026-07-09T18:21:24Z,56,0,4440.0
2026-07-09T18:21:24Z,10,0,30.75
2026-07-09T18:21:24Z,76,0,62.5
2026-07-09T18:21:24Z,66,0,0.28
2026-07-09T18:21:24Z,61,0,19.7
2026-07-09T18:21:24Z,102,0,2.85
2026-07-09T18:21:24Z,74,0,19.7
2026-07-09T18:21:24Z,120,0,2.6
2026-07-09T18:21:24Z,114,0,625.0
2026-07-09T18:21:24Z,136,0,1.67
2026-07-09T18:21:24Z,111,0,2650.0
2026-07-09T18:21:24Z,108,0,9.9
2026-07-09T18:21:24Z,101,0,202.0
2026-07-09T18:21:24Z,68,0,34.5
2026-07-09T18:21:24Z,154,0,96.0
2026-07-09T18:21:24Z,24,0,620.0
2026-07-09T18:21:24Z,18,0,21.75
2026-07-09T18:21:24Z,125,0,26.0
2026-07-09T18:21:24Z,34,0,101.0
2026-07-09T18:21:24Z,33,0,128.0
2026-07-09T18:21:24Z,153,0,107.0
2026-07-09T18:21:24Z,151,0,228.0
2026-07-09T18:21:24Z,80,0,4980.0
2026-07-09T18:21:24Z,140,0,250.0
2026-07-09T18:21:24Z,118,0,0.78
2026-07-09T18:21:24Z,40,0,1.61
2026-07-09T18:21:24Z,45,0,14.3
2026-07-09T18:21:24Z,106,0,4.25
2026-07-09T18:21:24Z,46,0,28.25
2026-07-09T18:21:24Z,14,0,12.2
2026-07-09T18:21:24Z,29,0,116.0
2026-07-09T18:21:24Z,145,0,146.0
2026-07-09T18:21:24Z,128,0,64.0
2026-07-09T18:21:24Z,65,0,15.7
2026-07-09T18:21:24Z,62,0,22.0
2026-07-09T18:21:24Z,133,0,16.0
2026-07-09T18:21:24Z,60,0,6.6
2026-07-09T18:21:24Z,43,0,12.3
2026-07-09T18:21:24Z,150,0,372.0
2026-07-09T18:21:24Z,6,0,0.695
2026-07-09T18:21:24Z,32,0,238.0
2026-07-09T18:21:24Z,146,0,12.0
2026-07-09T18:21:24Z,77,0,2840.0
2026-07-09T18:21:24Z,112,0,2340.0
2026-07-09T18:21:24Z,59,0,70.5
2026-07-09T18:21:24Z,44,0,1.32
2026-07-09T18:21:24Z,115,0,130.0
2026-07-09T18:21:24Z,107,0,21.5
2026-07-09T18:21:24Z,54,0,6350.0
2026-07-09T18:21:24Z,5,0,3.1
2026-07-09T18:21:24Z,51,0,780.0
2026-07-09T18:21:24Z,9,0,1.28
2026-07-09T18:21:24Z,126,0,55.0
2026-07-09T18:21:24Z,52,0,660.0
2026-07-09T18:21:24Z,109,0,106.0
2026-07-09T18:21:24Z,64,0,43.75
2026-07-09T18:21:24Z,12,0,41.75
2026-07-09T18:21:24Z,119,0,33.5
2026-07-09T18:21:24Z,25,0,800.0
2026-07-09T18:21:24Z,50,0,322.0
2026-07-09T18:21:24Z,42,0,5.0
2026-07-09T18:21:24Z,48,0,228.0
2026-07-09T18:21:24Z,47,0,432.0
2026-07-09T18:21:24Z,124,0,36.25
2026-07-09T18:21:24Z,35,0,96.5
2026-07-09T18:21:24Z,123,0,292.0
2026-07-09T18:21:24Z,19,0,12.4
2026-07-09T18:21:24Z,137,0,126.0
2026-07-09T18:21:24Z,83,0,31.75
2026-07-09T18:21:24Z,110,0,199.0
2026-07-09T18:21:24Z,58,0,147.0
2026-07-09T18:21:24Z,104,0,1.03
2026-07-09T18:21:24Z,20,0,115.0
2026-07-09T18:21:24Z,23,0,118.0
2026-07-09T18:21:24Z,116,0,45.0
2026-07-09T18:21:24Z,67,0,12.8
2026-07-09T18:21:24Z,142,0,840.0
2026-07-09T18:21:24Z,16,0,8.6
2026-07-09T18:21:24Z,88,0,11500.0
2026-07-09T18:21:24Z,103,0,6.8
2026-07-09T18:21:24Z,113,0,149.0
2026-07-09T18:21:24Z,105,0,1.65
2026-07-09T18:21:24Z,129,0,2170.0
2026-07-09T18:21:24Z,134,0,56.0
2026-07-09T18:21:24Z,127,0,488.0
2026-07-09T18:21:24Z,121,0,148.0
2026-07-09T18:21:24Z,100,0,125.0
2026-07-09T18:21:24Z,130,0,2110.0
2026-07-09T18:21:24Z,132,0,2570.0
2026-07-09T18:21:24Z,63,0,34.0
2026-07-09T18:21:24Z,143,0,600.0
2026-07-09T18:21:24Z,57,0,5750.0
2026-07-09T18:21:24Z,21,0,59.0
2026-07-09T18:21:24Z,98,0,895.0
2026-07-09T18:21:24Z,27,0,575.0
2026-07-09T18:21:24Z,26,0,1230.0
2026-07-09T18:21:24Z,87,0,478.0
2026-07-09T18:21:24Z,86,0,11500.0
2026-07-09T18:21:24Z,141,0,36.5
2026-07-09T18:21:24Z,28,0,955.0
2026-07-09T18:21:24Z,70,0,830.0
2026-07-09T18:21:24Z,155,0,134.0
2026-07-09T18:21:24Z,144,0,17.7
2026-07-09T18:21:24Z,89,0,4970.0
2026-07-09T18:21:24Z,55,0,2300.0
2026-07-09T18:21:24Z,82,0,1630.0
2026-07-09T18:21:24Z,138,0,1320.0
2026-07-09T18:21:24Z,147,0,46.75
2026-07-09T18:21:24Z,78,0,1960.0
2026-07-09T18:21:24Z,84,0,8925.0
2026-07-09T18:21:24Z,81,0,5450.0
2026-07-09T18:21:24Z,49,0,950.0
2026-07-09T18:21:24Z,53,0,3350.0
2026-07-09T18:21:24Z,149,0,955.0
2026-07-09T18:21:24Z,131,0,2410.0
2026-07-09T18:21:24Z,85,0,7850.0
2026-07-09T18:21:24Z,148,0,35.25
2026-07-09T18:21:24Z,152,0,232.0
2026-07-09T20:11:50Z,1,0,0.273
2026-07-09T20:11:50Z,106,0,4.15
2026-07-09T20:11:50Z,133,0,17.3
2026-07-09T20:11:50Z,105,0,1.65
2026-07-09T20:11:50Z,13,0,0.387
2026-07-09T20:11:50Z,71,0,1600.0
2026-07-09T20:11:50Z,2,0,0.387
2026-07-09T20:11:50Z,9,0,1.28
2026-07-09T20:11:50Z,42,0,5.0
2026-07-09T20:11:50Z,124,0,37.5
2026-07-09T20:11:50Z,115,0,129.0
2026-07-09T20:11:50Z,108,0,9.8
2026-07-09T20:11:50Z,111,0,2650.0
2026-07-09T20:11:50Z,139,0,11.3
2026-07-09T20:11:50Z,150,0,336.0
2026-07-09T20:11:50Z,62,0,22.5
2026-07-09T20:11:50Z,11,0,40.75
2026-07-09T20:11:50Z,14,0,12.3
2026-07-09T20:11:50Z,102,0,2.85
2026-07-09T20:11:50Z,18,0,21.0
2026-07-09T20:11:50Z,66,0,0.272
2026-07-09T20:11:50Z,136,0,1.67
2026-07-09T20:11:50Z,101,0,197.0
2026-07-09T20:11:50Z,12,0,41.0
2026-07-09T20:11:50Z,153,0,94.5
2026-07-09T20:11:50Z,17,0,16.0
2026-07-09T20:11:50Z,120,0,2.75
2026-07-09T20:11:50Z,4,0,2.8
2026-07-09T20:11:50Z,44,0,1.32
2026-07-09T20:11:50Z,10,0,30.75
2026-07-09T20:11:50Z,43,0,12.4
2026-07-09T20:11:50Z,30,0,173.0
2026-07-09T20:11:50Z,33,0,122.0
2026-07-09T20:11:50Z,60,0,6.0
2026-07-09T20:11:50Z,3,0,2.9
2026-07-09T20:11:50Z,79,0,910.0
2026-07-09T20:11:50Z,69,0,6475.0
2026-07-09T20:11:50Z,25,0,790.0
2026-07-09T20:11:50Z,31,0,189.0
2026-07-09T20:11:50Z,117,0,10.1
2026-07-09T20:11:50Z,154,0,92.0
2026-07-09T20:11:50Z,123,0,300.0
2026-07-09T20:11:50Z,119,0,32.0
2026-07-09T20:11:50Z,22,0,89.0
2026-07-09T20:11:50Z,126,0,53.5
2026-07-09T20:11:50Z,50,0,318.0
2026-07-09T20:11:50Z,46,0,26.0
2026-07-09T20:11:50Z,145,0,142.0
2026-07-09T20:11:50Z,29,0,112.0
2026-07-09T20:11:50Z,74,0,19.0
2026-07-09T20:11:50Z,125,0,25.0
2026-07-09T20:11:50Z,138,0,1310.0
2026-07-09T20:11:50Z,40,0,1.59
2026-07-09T20:11:50Z,116,0,44.75
2026-07-09T20:11:50Z,75,0,6.7
2026-07-09T20:11:50Z,122,0,128.0
2026-07-09T20:11:50Z,68,0,33.5
2026-07-09T20:11:50Z,24,0,615.0
2026-07-09T20:11:50Z,89,0,4980.0
2026-07-09T20:11:50Z,130,0,2120.0
2026-07-09T20:11:50Z,52,0,610.0
2026-07-09T20:11:50Z,19,0,12.2
2026-07-09T20:11:50Z,76,0,64.0
2026-07-09T20:11:50Z,140,0,280.0
2026-07-09T20:11:50Z,41,0,4.75
2026-07-09T20:11:50Z,47,0,450.0
2026-07-09T20:11:50Z,20,0,117.0
2026-07-09T20:11:50Z,15,0,10.6
2026-07-09T20:11:50Z,109,0,104.0
2026-07-09T20:11:50Z,16,0,8.6
2026-07-09T20:11:50Z,72,0,1.71
2026-07-09T20:11:50Z,73,0,27.0
2026-07-09T20:11:50Z,45,0,14.4
2026-07-09T20:11:50Z,21,0,57.5
2026-07-09T20:11:50Z,135,0,22.0
2026-07-09T20:11:50Z,77,0,2880.0
2026-07-09T20:11:50Z,134,0,55.5
2026-07-09T20:11:50Z,34,0,101.0
2026-07-09T20:11:50Z,35,0,95.5
2026-07-09T20:11:50Z,65,0,15.4
2026-07-09T20:11:50Z,23,0,121.0
2026-07-09T20:11:50Z,103,0,6.7
2026-07-09T20:11:50Z,107,0,21.75
2026-07-09T20:11:50Z,137,0,126.0
2026-07-09T20:11:50Z,64,0,44.75
2026-07-09T20:11:50Z,142,0,815.0
2026-07-09T20:11:50Z,53,0,3290.0
2026-07-09T20:11:50Z,7,0,42.25
2026-07-09T20:11:50Z,8,0,11.8
2026-07-09T20:11:50Z,51,0,785.0
2026-07-09T20:11:50Z,118,0,0.755
2026-07-09T20:11:50Z,121,0,147.0
2026-07-09T20:11:50Z,5,0,3.4
2026-07-09T20:11:50Z,6,0,0.725
2026-07-09T20:11:50Z,82,0,1620.0
2026-07-09T20:11:50Z,113,0,151.0
2026-07-09T20:11:50Z,61,0,19.7
2026-07-09T20:11:50Z,114,0,620.0
2026-07-09T20:11:50Z,59,0,71.0
2026-07-09T20:11:50Z,88,0,11500.0
2026-07-09T20:11:50Z,143,0,725.0
2026-07-09T20:11:50Z,57,0,5700.0
2026-07-09T20:11:50Z,78,0,2010.0
2026-07-09T20:11:50Z,112,0,2340.0
2026-07-09T20:11:50Z,104,0,1.03
2026-07-09T20:11:50Z,155,0,130.0
2026-07-09T20:11:50Z,54,0,6450.0
2026-07-09T20:11:50Z,110,0,197.0
2026-07-09T20:11:50Z,63,0,34.0
2026-07-09T20:11:50Z,146,0,12.0
2026-07-09T20:11:50Z,32,0,236.0
2026-07-09T20:11:50Z,26,0,1240.0
2026-07-09T20:11:50Z,48,0,230.0
2026-07-09T20:11:50Z,83,0,31.5
2026-07-09T20:11:50Z,70,0,820.0
2026-07-09T20:11:50Z,49,0,945.0
2026-07-09T20:11:50Z,85,0,7800.0
2026-07-09T20:11:50Z,58,0,145.0
2026-07-09T20:11:50Z,81,0,5575.0
2026-07-09T20:11:50Z,148,0,35.5
2026-07-09T20:11:50Z,28,0,950.0
2026-07-09T20:11:50Z,127,0,490.0
2026-07-09T20:11:50Z,129,0,2160.0
2026-07-09T20:11:50Z,98,0,890.0
2026-07-09T20:11:50Z,86,0,11600.0
2026-07-09T20:11:50Z,56,0,4440.0
2026-07-09T20:11:50Z,151,0,228.0
2026-07-09T20:11:50Z,80,0,4980.0
2026-07-09T20:11:50Z,128,0,64.0
2026-07-09T20:11:50Z,67,0,12.8
2026-07-09T20:11:50Z,100,0,125.0
2026-07-09T20:11:50Z,132,0,2570.0
2026-07-09T20:11:50Z,27,0,575.0
2026-07-09T20:11:50Z,87,0,478.0
2026-07-09T20:11:50Z,141,0,36.5
2026-07-09T20:11:50Z,144,0,17.7
2026-07-09T20:11:50Z,55,0,2300.0
2026-07-09T20:11:50Z,147,0,46.75
2026-07-09T20:11:50Z,84,0,8925.0
2026-07-09T20:11:50Z,149,0,955.0
2026-07-09T20:11:50Z,131,0,2410.0
2026-07-09T20:11:50Z,152,0,232.0
2026-07-09T21:42:00Z,2,0,0.388
2026-07-09T21:42:00Z,8,0,12.3
2026-07-09T21:42:00Z,111,0,2630.0
2026-07-09T21:42:00Z,1,0,0.275
2026-07-09T21:42:00Z,139,0,10.5
2026-07-09T21:42:00Z,46,0,26.75
2026-07-09T21:42:00Z,117,0,9.8
2026-07-09T21:42:00Z,154,0,92.5
2026-07-09T21:42:00Z,13,0,0.389
2026-07-09T21:42:00Z,15,0,10.5
2026-07-09T21:42:00Z,102,0,2.8
2026-07-09T21:42:00Z,50,0,316.0
2026-07-09T21:42:00Z,109,0,105.0
2026-07-09T21:42:00Z,4,0,2.45
2026-07-09T21:42:00Z,10,0,31.25
2026-07-09T21:42:00Z,110,0,194.0
2026-07-09T21:42:00Z,153,0,85.0
2026-07-09T21:42:00Z,120,0,2.75
2026-07-09T21:42:00Z,19,0,12.2
2026-07-09T21:42:00Z,17,0,15.8
2026-07-09T21:42:00Z,16,0,8.5
2026-07-09T21:42:00Z,5,0,3.1
2026-07-09T21:42:00Z,132,0,2400.0
2026-07-09T21:42:00Z,18,0,21.0
2026-07-09T21:42:00Z,125,0,27.5
2026-07-09T21:42:00Z,72,0,1.71
2026-07-09T21:42:00Z,3,0,2.6
2026-07-09T21:42:00Z,43,0,12.4
2026-07-09T21:42:00Z,12,0,40.75
2026-07-09T21:42:00Z,31,0,190.0
2026-07-09T21:42:00Z,14,0,12.1
2026-07-09T21:42:00Z,40,0,1.59
2026-07-09T21:42:00Z,66,0,0.282
2026-07-09T21:42:00Z,106,0,4.2
2026-07-09T21:42:00Z,9,0,1.26
2026-07-09T21:42:00Z,34,0,98.5
2026-07-09T21:42:00Z,135,0,21.5
2026-07-09T21:42:00Z,30,0,177.0
2026-07-09T21:42:00Z,44,0,1.28
2026-07-09T21:42:00Z,58,0,146.0
2026-07-09T21:42:00Z,35,0,102.0
2026-07-09T21:42:00Z,69,0,6425.0
2026-07-09T21:42:00Z,22,0,90.0
2026-07-09T21:42:00Z,73,0,27.0
2026-07-09T21:42:00Z,127,0,486.0
2026-07-09T21:42:00Z,20,0,113.0
2026-07-09T21:42:00Z,103,0,6.8
2026-07-09T21:42:00Z,108,0,9.4
2026-07-09T21:42:00Z,6,0,0.72
2026-07-09T21:42:00Z,52,0,635.0
2026-07-09T21:42:00Z,119,0,33.5
2026-07-09T21:42:00Z,74,0,20.25
2026-07-09T21:42:00Z,33,0,128.0
2026-07-09T21:42:00Z,7,0,44.5
2026-07-09T21:42:00Z,21,0,58.0
2026-07-09T21:42:00Z,115,0,136.0
2026-07-09T21:42:00Z,98,0,750.0
2026-07-09T21:42:00Z,49,0,930.0
2026-07-09T21:42:00Z,48,0,230.0
2026-07-09T21:42:00Z,124,0,38.25
2026-07-09T21:42:00Z,25,0,785.0
2026-07-09T21:42:00Z,29,0,112.0
2026-07-09T21:42:00Z,129,0,2190.0
2026-07-09T21:42:00Z,11,0,41.0
2026-07-09T21:42:00Z,101,0,200.0
2026-07-09T21:42:00Z,24,0,620.0
2026-07-09T21:42:00Z,41,0,5.0
2026-07-09T21:42:00Z,59,0,70.0
2026-07-09T21:42:00Z,123,0,300.0
2026-07-09T21:42:00Z,105,0,1.64
2026-07-09T21:42:00Z,45,0,14.5
2026-07-09T21:42:00Z,78,0,2010.0
2026-07-09T21:42:00Z,114,0,660.0
2026-07-09T21:42:00Z,140,0,280.0
2026-07-09T21:42:00Z,79,0,895.0
2026-07-09T21:42:00Z,65,0,14.9
2026-07-09T21:42:00Z,145,0,145.0
2026-07-09T21:42:00Z,71,0,1610.0
2026-07-09T21:42:00Z,60,0,6.2
2026-07-09T21:42:00Z,42,0,5.4
2026-07-09T21:42:00Z,107,0,21.0
2026-07-09T21:42:00Z,70,0,820.0
2026-07-09T21:42:00Z,118,0,0.75
2026-07-09T21:42:00Z,23,0,123.0
2026-07-09T21:42:00Z,63,0,34.25
2026-07-09T21:42:00Z,47,0,456.0
2026-07-09T21:42:00Z,32,0,236.0
2026-07-09T21:42:00Z,75,0,6.9
2026-07-09T21:42:00Z,51,0,780.0
2026-07-09T21:42:00Z,88,0,11600.0
2026-07-09T21:42:00Z,122,0,123.0
2026-07-09T21:42:00Z,116,0,45.0
2026-07-09T21:42:00Z,76,0,63.5
2026-07-09T21:42:00Z,100,0,125.0
2026-07-09T21:42:00Z,54,0,6375.0
2026-07-09T21:42:00Z,56,0,4410.0
2026-07-09T21:42:00Z,112,0,2350.0
2026-07-09T21:42:00Z,133,0,16.0
2026-07-09T21:42:00Z,64,0,46.25
2026-07-09T21:42:00Z,113,0,152.0
2026-07-09T21:42:00Z,146,0,11.9
2026-07-09T21:42:00Z,83,0,31.75
2026-07-09T21:42:00Z,155,0,129.0
2026-07-09T21:42:00Z,68,0,33.75
2026-07-09T21:42:00Z,104,0,1.01
2026-07-09T21:42:00Z,150,0,372.0
2026-07-09T21:42:00Z,136,0,1.68
2026-07-09T21:42:00Z,126,0,56.0
2026-07-09T21:42:00Z,57,0,5800.0
2026-07-09T21:42:00Z,149,0,970.0
2026-07-09T21:42:00Z,77,0,2890.0
2026-07-09T21:42:00Z,26,0,1250.0
2026-07-09T21:42:00Z,61,0,19.5
2026-07-09T21:42:00Z,85,0,7800.0
2026-07-09T21:42:00Z,138,0,1300.0
2026-07-09T21:42:00Z,82,0,1610.0
2026-07-09T21:42:00Z,81,0,5550.0
2026-07-09T21:42:00Z,62,0,22.75
2026-07-09T21:42:00Z,55,0,2330.0
2026-07-09T21:42:00Z,148,0,35.25
2026-07-09T21:42:00Z,67,0,12.7
2026-07-09T21:42:00Z,121,0,148.0
2026-07-09T21:42:00Z,53,0,3380.0
2026-07-09T21:42:00Z,89,0,4980.0
2026-07-09T21:42:00Z,130,0,2120.0
2026-07-09T21:42:00Z,134,0,55.5
2026-07-09T21:42:00Z,137,0,126.0
2026-07-09T21:42:00Z,142,0,815.0
2026-07-09T21:42:00Z,143,0,725.0
2026-07-09T21:42:00Z,28,0,950.0
2026-07-09T21:42:00Z,86,0,11600.0
2026-07-09T21:42:00Z,151,0,228.0
2026-07-09T21:42:00Z,80,0,4980.0
2026-07-09T21:42:00Z,128,0,64.0
2026-07-09T21:42:00Z,27,0,575.0
2026-07-09T21:42:00Z,87,0,478.0
2026-07-09T21:42:00Z,141,0,36.5
2026-07-09T21:42:00Z,144,0,17.7
2026-07-09T21:42:00Z,147,0,46.75
2026-07-09T21:42:00Z,84,0,8925.0
2026-07-09T21:42:00Z,131,0,2410.0
2026-07-09T21:42:00Z,152,0,232.0
2026-07-09T22:54:50Z,2,0,0.391
2026-07-09T22:54:50Z,115,0,132.0
2026-07-09T22:54:50Z,154,0,93.0
2026-07-09T22:54:50Z,12,0,41.75
2026-07-09T22:54:50Z,42,0,5.4
2026-07-09T22:54:50Z,119,0,34.75
2026-07-09T22:54:50Z,3,0,2.55
2026-07-09T22:54:50Z,14,0,11.9
2026-07-09T22:54:50Z,111,0,2640.0
2026-07-09T22:54:50Z,13,0,0.387
2026-07-09T22:54:50Z,101,0,204.0
2026-07-09T22:54:50Z,15,0,10.9
2026-07-09T22:54:50Z,120,0,2.55
2026-07-09T22:54:50Z,5,0,3.3
2026-07-09T22:54:50Z,16,0,8.7
2026-07-09T22:54:50Z,44,0,1.33
2026-07-09T22:54:50Z,112,0,2370.0
2026-07-09T22:54:50Z,10,0,30.75
2026-07-09T22:54:50Z,1,0,0.27
2026-07-09T22:54:50Z,73,0,26.75
2026-07-09T22:54:50Z,34,0,103.0
2026-07-09T22:54:50Z,66,0,0.28
2026-07-09T22:54:50Z,117,0,9.7
2026-07-09T22:54:50Z,9,0,1.3
2026-07-09T22:54:50Z,45,0,14.5
2026-07-09T22:54:50Z,22,0,89.0
2026-07-09T22:54:50Z,40,0,1.56
2026-07-09T22:54:50Z,35,0,99.0
2026-07-09T22:54:50Z,11,0,41.5
2026-07-09T22:54:50Z,52,0,640.0
2026-07-09T22:54:50Z,153,0,90.0
2026-07-09T22:54:50Z,108,0,9.9
2026-07-09T22:54:50Z,4,0,2.5
2026-07-09T22:54:50Z,88,0,11700.0
2026-07-09T22:54:50Z,82,0,1620.0
2026-07-09T22:54:50Z,7,0,44.0
2026-07-09T22:54:50Z,110,0,195.0
2026-07-09T22:54:50Z,109,0,106.0
2026-07-09T22:54:50Z,129,0,2180.0
2026-07-09T22:54:50Z,107,0,21.5
2026-07-09T22:54:50Z,102,0,2.75
2026-07-09T22:54:50Z,60,0,6.3
2026-07-09T22:54:50Z,127,0,490.0
2026-07-09T22:54:50Z,43,0,11.9
2026-07-09T22:54:50Z,20,0,120.0
2026-07-09T22:54:50Z,118,0,0.72
2026-07-09T22:54:50Z,125,0,26.0
2026-07-09T22:54:50Z,75,0,6.8
2026-07-09T22:54:50Z,8,0,12.0
2026-07-09T22:54:50Z,33,0,123.0
2026-07-09T22:54:50Z,17,0,15.9
2026-07-09T22:54:50Z,29,0,114.0
2026-07-09T22:54:50Z,145,0,143.0
2026-07-09T22:54:50Z,98,0,890.0
2026-07-09T22:54:50Z,105,0,1.64
2026-07-09T22:54:50Z,74,0,20.5
2026-07-09T22:54:50Z,41,0,4.95
2026-07-09T22:54:50Z,106,0,4.1
2026-07-09T22:54:50Z,30,0,177.0
2026-07-09T22:54:50Z,72,0,1.71
2026-07-09T22:54:50Z,136,0,1.61
2026-07-09T22:54:50Z,25,0,810.0
2026-07-09T22:54:50Z,124,0,38.25
2026-07-09T22:54:50Z,69,0,6400.0
2026-07-09T22:54:50Z,59,0,67.0
2026-07-09T22:54:50Z,18,0,22.0
2026-07-09T22:54:50Z,135,0,21.0
2026-07-09T22:54:50Z,6,0,0.705
2026-07-09T22:54:50Z,65,0,14.9
2026-07-09T22:54:50Z,122,0,129.0
2026-07-09T22:54:50Z,77,0,2880.0
2026-07-09T22:54:50Z,28,0,955.0
2026-07-09T22:54:50Z,83,0,31.25
2026-07-09T22:54:50Z,47,0,452.0
2026-07-09T22:54:50Z,58,0,149.0
2026-07-09T22:54:50Z,55,0,2300.0
2026-07-09T22:54:50Z,140,0,280.0
2026-07-09T22:54:50Z,62,0,22.75
2026-07-09T22:54:50Z,32,0,234.0
2026-07-09T22:54:50Z,64,0,45.75
2026-07-09T22:54:50Z,133,0,17.6
2026-07-09T22:54:50Z,46,0,26.25
2026-07-09T22:54:50Z,139,0,11.5
2026-07-09T22:54:50Z,31,0,191.0
2026-07-09T22:54:50Z,51,0,790.0
2026-07-09T22:54:50Z,19,0,12.3
2026-07-09T22:54:50Z,24,0,610.0
2026-07-09T22:54:50Z,116,0,45.25
2026-07-09T22:54:50Z,56,0,4410.0
2026-07-09T22:54:50Z,121,0,147.0
2026-07-09T22:54:50Z,61,0,19.1
2026-07-09T22:54:50Z,141,0,36.25
2026-07-09T22:54:50Z,103,0,6.8
2026-07-09T22:54:50Z,21,0,59.0
2026-07-09T22:54:50Z,114,0,655.0
2026-07-09T22:54:50Z,50,0,322.0
2026-07-09T22:54:50Z,76,0,64.5
2026-07-09T22:54:50Z,68,0,33.75
2026-07-09T22:54:50Z,71,0,1640.0
2026-07-09T22:54:50Z,113,0,152.0
2026-07-09T22:54:50Z,23,0,124.0
2026-07-09T22:54:50Z,104,0,1.03
2026-07-09T22:54:50Z,79,0,895.0
2026-07-09T22:54:50Z,126,0,55.5
2026-07-09T22:54:50Z,146,0,12.0
2026-07-09T22:54:50Z,137,0,125.0
2026-07-09T22:54:50Z,123,0,300.0
2026-07-09T22:54:50Z,70,0,825.0
2026-07-09T22:54:50Z,49,0,940.0
2026-07-09T22:54:50Z,132,0,2400.0
2026-07-09T22:54:50Z,48,0,230.0
2026-07-09T22:54:50Z,78,0,2010.0
2026-07-09T22:54:50Z,63,0,34.25
2026-07-09T22:54:50Z,100,0,125.0
2026-07-09T22:54:50Z,54,0,6375.0
2026-07-09T22:54:50Z,155,0,129.0
2026-07-09T22:54:50Z,150,0,372.0
2026-07-09T22:54:50Z,57,0,5800.0
2026-07-09T22:54:50Z,149,0,970.0
2026-07-09T22:54:50Z,26,0,1250.0
2026-07-09T22:54:50Z,85,0,7800.0
2026-07-09T22:54:50Z,138,0,1300.0
2026-07-09T22:54:50Z,81,0,5550.0
2026-07-09T22:54:50Z,148,0,35.25
2026-07-09T22:54:50Z,67,0,12.7
2026-07-09T22:54:50Z,53,0,3380.0
2026-07-09T22:54:50Z,89,0,4980.0
2026-07-09T22:54:50Z,130,0,2120.0
2026-07-09T22:54:50Z,134,0,55.5
2026-07-09T22:54:50Z,142,0,815.0
2026-07-09T22:54:50Z,143,0,725.0
2026-07-09T22:54:50Z,86,0,11600.0
2026-07-09T22:54:50Z,151,0,228.0
2026-07-09T22:54:50Z,80,0,4980.0
2026-07-09T22:54:50Z,128,0,64.0
2026-07-09T22:54:50Z,27,0,575.0
2026-07-09T22:54:50Z,87,0,478.0
2026-07-09T22:54:50Z,144,0,17.7
2026-07-09T22:54:50Z,147,0,46.75
2026-07-09T22:54:50Z,84,0,8925.0
2026-07-09T22:54:50Z,131,0,2410.0
2026-07-09T22:54:50Z,152,0,232.0
2026-07-09T23:57:00Z,125,0,25.5
2026-07-09T23:57:00Z,2,0,0.395
2026-07-09T23:57:00Z,3,0,2.6
2026-07-09T23:57:00Z,12,0,40.75
2026-07-09T23:57:00Z,115,0,130.0
2026-07-09T23:57:00Z,1,0,0.273
2026-07-09T23:57:00Z,5,0,3.2
2026-07-09T23:57:00Z,73,0,27.0
2026-07-09T23:57:00Z,4,0,2.65
2026-07-09T23:57:00Z,66,0,0.285
2026-07-09T23:57:00Z,111,0,2650.0
2026-07-09T23:57:00Z,42,0,4.9
2026-07-09T23:57:00Z,13,0,0.379
2026-07-09T23:57:00Z,136,0,1.67
2026-07-09T23:57:00Z,102,0,2.8
2026-07-09T23:57:00Z,10,0,30.5
2026-07-09T23:57:00Z,14,0,11.8
2026-07-09T23:57:00Z,43,0,12.2
2026-07-09T23:57:00Z,117,0,9.7
2026-07-09T23:57:00Z,35,0,101.0
2026-07-09T23:57:00Z,29,0,115.0
2026-07-09T23:57:00Z,68,0,32.5
2026-07-09T23:57:00Z,22,0,90.0
2026-07-09T23:57:00Z,21,0,59.0
2026-07-09T23:57:00Z,17,0,15.6
2026-07-09T23:57:00Z,101,0,204.0
2026-07-09T23:57:00Z,9,0,1.23
2026-07-09T23:57:00Z,55,0,2330.0
2026-07-09T23:57:00Z,108,0,9.9
2026-07-09T23:57:00Z,106,0,4.15
2026-07-09T23:57:00Z,74,0,20.0
2026-07-09T23:57:00Z,122,0,128.0
2026-07-09T23:57:00Z,112,0,2380.0
2026-07-09T23:57:00Z,72,0,1.67
2026-07-09T23:57:00Z,56,0,4400.0
2026-07-09T23:57:00Z,18,0,21.75
2026-07-09T23:57:00Z,8,0,12.0
2026-07-09T23:57:00Z,69,0,6375.0
2026-07-09T23:57:00Z,7,0,44.75
2026-07-09T23:57:00Z,83,0,30.5
2026-07-09T23:57:00Z,145,0,142.0
2026-07-09T23:57:00Z,59,0,67.0
2026-07-09T23:57:00Z,75,0,6.6
2026-07-09T23:57:00Z,11,0,40.75
2026-07-09T23:57:00Z,34,0,99.0
2026-07-09T23:57:00Z,31,0,190.0
2026-07-09T23:57:00Z,16,0,8.2
2026-07-09T23:57:00Z,27,0,600.0
2026-07-09T23:57:00Z,100,0,124.0
2026-07-09T23:57:00Z,6,0,0.73
2026-07-09T23:57:00Z,28,0,935.0
2026-07-09T23:57:00Z,24,0,605.0
2026-07-09T23:57:00Z,44,0,1.32
2026-07-09T23:57:00Z,41,0,5.1
2026-07-09T23:57:00Z,33,0,123.0
2026-07-09T23:57:00Z,30,0,173.0
2026-07-09T23:57:00Z,116,0,44.5
2026-07-09T23:57:00Z,154,0,97.5
2026-07-09T23:57:00Z,20,0,118.0
2026-07-09T23:57:00Z,120,0,2.55
2026-07-09T23:57:00Z,64,0,45.5
2026-07-09T23:57:00Z,61,0,19.1
2026-07-09T23:57:00Z,62,0,22.0
2026-07-09T23:57:00Z,65,0,15.1
2026-07-09T23:57:00Z,60,0,6.7
2026-07-09T23:57:00Z,110,0,196.0
2026-07-09T23:57:00Z,40,0,1.6
2026-07-09T23:57:00Z,48,0,232.0
2026-07-09T23:57:00Z,23,0,123.0
2026-07-09T23:57:00Z,19,0,12.1
2026-07-09T23:57:00Z,78,0,2000.0
2026-07-09T23:57:00Z,77,0,2870.0
2026-07-09T23:57:00Z,109,0,105.0
2026-07-09T23:57:00Z,25,0,795.0
2026-07-09T23:57:00Z,98,0,880.0
2026-07-09T23:57:00Z,153,0,92.0
2026-07-09T23:57:00Z,105,0,1.59
2026-07-09T23:57:00Z,139,0,11.4
2026-07-09T23:57:00Z,135,0,22.0
2026-07-09T23:57:00Z,15,0,10.9
2026-07-09T23:57:00Z,107,0,21.25
2026-07-09T23:57:00Z,58,0,138.0
2026-07-09T23:57:00Z,46,0,26.75
2026-07-09T23:57:00Z,104,0,1.03
2026-07-09T23:57:00Z,32,0,236.0
2026-07-09T23:57:00Z,126,0,54.5
2026-07-09T23:57:00Z,142,0,835.0
2026-07-09T23:57:00Z,123,0,302.0
2026-07-09T23:57:00Z,52,0,640.0
2026-07-09T23:57:00Z,118,0,0.81
2026-07-09T23:57:00Z,50,0,324.0
2026-07-09T23:57:00Z,71,0,1640.0
2026-07-09T23:57:00Z,128,0,63.5
2026-07-09T23:57:00Z,114,0,655.0
2026-07-09T23:57:00Z,79,0,890.0
2026-07-09T23:57:00Z,140,0,278.0
2026-07-09T23:57:00Z,113,0,151.0
2026-07-09T23:57:00Z,103,0,6.8
2026-07-09T23:57:00Z,124,0,37.5
2026-07-09T23:57:00Z,26,0,1220.0
2026-07-09T23:57:00Z,51,0,795.0
2026-07-09T23:57:00Z,133,0,17.7
2026-07-09T23:57:00Z,127,0,488.0
2026-07-09T23:57:00Z,146,0,11.9
2026-07-09T23:57:00Z,119,0,34.75
2026-07-09T23:57:00Z,76,0,64.0
2026-07-09T23:57:00Z,45,0,14.5
2026-07-09T23:57:00Z,88,0,11700.0
2026-07-09T23:57:00Z,82,0,1620.0
2026-07-09T23:57:00Z,129,0,2180.0
2026-07-09T23:57:00Z,47,0,452.0
2026-07-09T23:57:00Z,121,0,147.0
2026-07-09T23:57:00Z,141,0,36.25
2026-07-09T23:57:00Z,137,0,125.0
2026-07-09T23:57:00Z,70,0,825.0
2026-07-09T23:57:00Z,49,0,940.0
2026-07-09T23:57:00Z,132,0,2400.0
2026-07-09T23:57:00Z,63,0,34.25
2026-07-09T23:57:00Z,54,0,6375.0
2026-07-09T23:57:00Z,155,0,129.0
2026-07-09T23:57:00Z,150,0,372.0
2026-07-09T23:57:00Z,57,0,5800.0
2026-07-09T23:57:00Z,149,0,970.0
2026-07-09T23:57:00Z,85,0,7800.0
2026-07-09T23:57:00Z,138,0,1300.0
2026-07-09T23:57:00Z,81,0,5550.0
2026-07-09T23:57:00Z,148,0,35.25
2026-07-09T23:57:00Z,67,0,12.7
2026-07-09T23:57:00Z,53,0,3380.0
2026-07-09T23:57:00Z,89,0,4980.0
2026-07-09T23:57:00Z,130,0,2120.0
2026-07-09T23:57:00Z,134,0,55.5
2026-07-09T23:57:00Z,143,0,725.0
2026-07-09T23:57:00Z,86,0,11600.0
2026-07-09T23:57:00Z,151,0,228.0
2026-07-09T23:57:00Z,80,0,4980.0
2026-07-09T23:57:00Z,87,0,478.0
2026-07-09T23:57:00Z,144,0,17.7
2026-07-09T23:57:00Z,147,0,46.75
2026-07-09T23:57:00Z,84,0,8925.0
2026-07-09T23:57:00Z,131,0,2410.0
2026-07-09T23:57:00Z,152,0,232.0
2026-07-10T02:12:15Z,153,0,90.0
2026-07-10T02:12:15Z,9,0,1.3
2026-07-10T02:12:15Z,106,0,4.15
2026-07-10T02:12:15Z,101,0,206.0
2026-07-10T02:12:15Z,35,0,102.0
2026-07-10T02:12:15Z,42,0,5.4
2026-07-10T02:12:15Z,2,0,0.393
2026-07-10T02:12:15Z,114,0,655.0
2026-07-10T02:12:15Z,46,0,25.5
2026-07-10T02:12:15Z,32,0,236.0
2026-07-10T02:12:15Z,111,0,2620.0
2026-07-10T02:12:15Z,115,0,133.0
2026-07-10T02:12:15Z,13,0,0.394
2026-07-10T02:12:15Z,1,0,0.272
2026-07-10T02:12:15Z,66,0,0.286
2026-07-10T02:12:15Z,6,0,0.705
2026-07-10T02:12:15Z,135,0,22.75
2026-07-10T02:12:15Z,136,0,1.69
2026-07-10T02:12:15Z,44,0,1.31
2026-07-10T02:12:15Z,102,0,2.85
2026-07-10T02:12:15Z,11,0,41.5
2026-07-10T02:12:15Z,21,0,59.0
2026-07-10T02:12:15Z,73,0,28.0
2026-07-10T02:12:15Z,3,0,2.85
2026-07-10T02:12:15Z,23,0,127.0
2026-07-10T02:12:15Z,12,0,42.0
2026-07-10T02:12:15Z,16,0,8.7
2026-07-10T02:12:15Z,110,0,204.0
2026-07-10T02:12:15Z,17,0,15.6
2026-07-10T02:12:15Z,107,0,21.5
2026-07-10T02:12:15Z,70,0,820.0
2026-07-10T02:12:15Z,41,0,5.1
2026-07-10T02:12:15Z,43,0,12.4
2026-07-10T02:12:15Z,4,0,2.65
2026-07-10T02:12:15Z,58,0,137.0
2026-07-10T02:12:15Z,50,0,326.0
2026-07-10T02:12:15Z,15,0,10.5
2026-07-10T02:12:15Z,120,0,2.8
2026-07-10T02:12:15Z,18,0,21.25
2026-07-10T02:12:15Z,14,0,11.6
2026-07-10T02:12:15Z,133,0,17.3
2026-07-10T02:12:15Z,112,0,2420.0
2026-07-10T02:12:15Z,26,0,1240.0
2026-07-10T02:12:15Z,54,0,6325.0
2026-07-10T02:12:15Z,117,0,9.5
2026-07-10T02:12:15Z,154,0,87.5
2026-07-10T02:12:15Z,75,0,7.0
2026-07-10T02:12:15Z,10,0,31.5
2026-07-10T02:12:15Z,108,0,9.8
2026-07-10T02:12:15Z,113,0,154.0
2026-07-10T02:12:15Z,139,0,11.4
2026-07-10T02:12:15Z,22,0,88.5
2026-07-10T02:12:15Z,89,0,4960.0
2026-07-10T02:12:15Z,34,0,99.0
2026-07-10T02:12:15Z,118,0,0.76
2026-07-10T02:12:15Z,59,0,71.5
2026-07-10T02:12:15Z,145,0,143.0
2026-07-10T02:12:15Z,25,0,805.0
2026-07-10T02:12:15Z,20,0,122.0
2026-07-10T02:12:15Z,19,0,12.0
2026-07-10T02:12:15Z,45,0,14.2
2026-07-10T02:12:15Z,109,0,107.0
2026-07-10T02:12:15Z,119,0,33.25
2026-07-10T02:12:15Z,72,0,1.65
2026-07-10T02:12:15Z,79,0,880.0
2026-07-10T02:12:15Z,5,0,3.25
2026-07-10T02:12:15Z,134,0,55.5
2026-07-10T02:12:15Z,122,0,124.0
2026-07-10T02:12:15Z,121,0,146.0
2026-07-10T02:12:15Z,84,0,8850.0
2026-07-10T02:12:15Z,129,0,2180.0
2026-07-10T02:12:15Z,61,0,19.3
2026-07-10T02:12:15Z,103,0,6.8
2026-07-10T02:12:15Z,8,0,12.0
2026-07-10T02:12:15Z,40,0,1.51
2026-07-10T02:12:15Z,87,0,476.0
2026-07-10T02:12:15Z,31,0,190.0
2026-07-10T02:12:15Z,30,0,173.0
2026-07-10T02:12:15Z,125,0,26.5
2026-07-10T02:12:15Z,69,0,6550.0
2026-07-10T02:12:15Z,52,0,615.0
2026-07-10T02:12:15Z,55,0,2320.0
2026-07-10T02:12:15Z,29,0,116.0
2026-07-10T02:12:15Z,76,0,65.5
2026-07-10T02:12:15Z,33,0,123.0
2026-07-10T02:12:15Z,141,0,35.0
2026-07-10T02:12:15Z,60,0,6.5
2026-07-10T02:12:15Z,64,0,46.5
2026-07-10T02:12:15Z,146,0,12.2
2026-07-10T02:12:15Z,137,0,124.0
2026-07-10T02:12:15Z,68,0,33.0
2026-07-10T02:12:15Z,47,0,440.0
2026-07-10T02:12:15Z,56,0,4390.0
2026-07-10T02:12:15Z,24,0,620.0
2026-07-10T02:12:15Z,51,0,790.0
2026-07-10T02:12:15Z,65,0,15.4
2026-07-10T02:12:15Z,53,0,3370.0
2026-07-10T02:12:15Z,83,0,30.75
2026-07-10T02:12:15Z,104,0,1.04
2026-07-10T02:12:15Z,105,0,1.64
2026-07-10T02:12:15Z,123,0,298.0
2026-07-10T02:12:15Z,62,0,22.5
2026-07-10T02:12:15Z,86,0,11300.0
2026-07-10T02:12:15Z,98,0,875.0
2026-07-10T02:12:15Z,7,0,42.75
2026-07-10T02:12:15Z,49,0,940.0
2026-07-10T02:12:15Z,126,0,54.5
2026-07-10T02:12:15Z,116,0,45.25
2026-07-10T02:12:15Z,142,0,850.0
2026-07-10T02:12:15Z,85,0,7775.0
2026-07-10T02:12:15Z,124,0,37.75
2026-07-10T02:12:15Z,74,0,19.9
2026-07-10T02:12:15Z,77,0,2840.0
2026-07-10T02:12:15Z,71,0,1630.0
2026-07-10T02:12:15Z,80,0,4980.0
2026-07-10T02:12:15Z,82,0,1610.0
2026-07-10T02:12:15Z,140,0,278.0
2026-07-10T02:12:15Z,81,0,5500.0
2026-07-10T02:12:15Z,131,0,2400.0
2026-07-10T02:12:15Z,138,0,1300.0
2026-07-10T02:12:15Z,88,0,11800.0
2026-07-10T02:12:15Z,48,0,232.0
2026-07-10T02:12:15Z,144,0,17.8
2026-07-10T02:12:15Z,127,0,488.0
2026-07-10T02:12:15Z,132,0,2390.0
2026-07-10T02:12:15Z,100,0,125.0
2026-07-10T02:12:15Z,155,0,135.0
2026-07-10T02:12:15Z,28,0,950.0
2026-07-10T02:12:15Z,130,0,2110.0
2026-07-10T02:12:15Z,27,0,600.0
2026-07-10T02:12:15Z,78,0,2000.0
2026-07-10T02:12:15Z,128,0,63.5
2026-07-10T02:12:15Z,63,0,34.25
2026-07-10T02:12:15Z,150,0,372.0
2026-07-10T02:12:15Z,57,0,5800.0
2026-07-10T02:12:15Z,149,0,970.0
2026-07-10T02:12:15Z,148,0,35.25
2026-07-10T02:12:15Z,67,0,12.7
2026-07-10T02:12:15Z,143,0,725.0
2026-07-10T02:12:15Z,151,0,228.0
2026-07-10T02:12:15Z,147,0,46.75
2026-07-10T02:12:15Z,152,0,232.0
2026-07-10T06:14:34Z,73,0,28.0
2026-07-10T06:14:34Z,115,0,129.0
2026-07-10T06:14:34Z,23,0,127.0
2026-07-10T06:14:34Z,109,0,108.0
2026-07-10T06:14:34Z,107,0,21.25
2026-07-10T06:14:34Z,125,0,25.5
2026-07-10T06:14:34Z,111,0,2650.0
2026-07-10T06:14:34Z,2,0,0.384
2026-07-10T06:14:34Z,1,0,0.275
2026-07-10T06:14:34Z,101,0,204.0
2026-07-10T06:14:34Z,22,0,88.5
2026-07-10T06:14:34Z,5,0,2.9
2026-07-10T06:14:34Z,60,0,6.6
2026-07-10T06:14:34Z,66,0,0.274
2026-07-10T06:14:34Z,153,0,86.0
2026-07-10T06:14:34Z,71,0,1630.0
2026-07-10T06:14:34Z,13,0,0.391
2026-07-10T06:14:34Z,24,0,600.0
2026-07-10T06:14:34Z,102,0,2.8
2026-07-10T06:14:34Z,110,0,198.0
2026-07-10T06:14:34Z,4,0,2.6
2026-07-10T06:14:34Z,40,0,1.41
2026-07-10T06:14:34Z,72,0,1.63
2026-07-10T06:14:34Z,7,0,43.25
2026-07-10T06:14:34Z,42,0,5.3
2026-07-10T06:14:34Z,11,0,40.75
2026-07-10T06:14:34Z,8,0,12.0
2026-07-10T06:14:34Z,106,0,3.85
2026-07-10T06:14:34Z,104,0,1.04
2026-07-10T06:14:34Z,34,0,98.5
2026-07-10T06:14:34Z,33,0,124.0
2026-07-10T06:14:34Z,54,0,6350.0
2026-07-10T06:14:34Z,10,0,31.0
2026-07-10T06:14:34Z,117,0,9.7
2026-07-10T06:14:34Z,29,0,115.0
2026-07-10T06:14:34Z,19,0,11.7
2026-07-10T06:14:34Z,79,0,900.0
2026-07-10T06:14:34Z,6,0,0.725
2026-07-10T06:14:34Z,64,0,46.5
2026-07-10T06:14:34Z,68,0,33.75
2026-07-10T06:14:34Z,120,0,2.75
2026-07-10T06:14:34Z,70,0,830.0
2026-07-10T06:14:34Z,113,0,148.0
2026-07-10T06:14:34Z,75,0,6.7
2026-07-10T06:14:34Z,123,0,298.0
2026-07-10T06:14:34Z,9,0,1.25
2026-07-10T06:14:34Z,12,0,41.0
2026-07-10T06:14:34Z,150,0,360.0
2026-07-10T06:14:34Z,135,0,21.25
2026-07-10T06:14:34Z,3,0,2.55
2026-07-10T06:14:34Z,154,0,77.0
2026-07-10T06:14:34Z,126,0,53.5
2026-07-10T06:14:34Z,108,0,9.9
2026-07-10T06:14:34Z,139,0,11.3
2026-07-10T06:14:34Z,50,0,328.0
2026-07-10T06:14:34Z,45,0,14.4
2026-07-10T06:14:34Z,43,0,12.2
2026-07-10T06:14:34Z,18,0,20.75
2026-07-10T06:14:34Z,17,0,15.8
2026-07-10T06:14:34Z,14,0,11.8
2026-07-10T06:14:34Z,16,0,8.6
2026-07-10T06:14:34Z,133,0,16.6
2026-07-10T06:14:34Z,69,0,6500.0
2026-07-10T06:14:34Z,32,0,236.0
2026-07-10T06:14:34Z,142,0,840.0
2026-07-10T06:14:34Z,58,0,135.0
2026-07-10T06:14:34Z,132,0,2350.0
2026-07-10T06:14:34Z,145,0,143.0
2026-07-10T06:14:34Z,59,0,69.5
2026-07-10T06:14:34Z,136,0,1.63
2026-07-10T06:14:34Z,46,0,26.0
2026-07-10T06:14:34Z,30,0,172.0
2026-07-10T06:14:34Z,41,0,5.1
2026-07-10T06:14:34Z,88,0,11800.0
2026-07-10T06:14:34Z,140,0,262.0
2026-07-10T06:14:34Z,76,0,62.5
2026-07-10T06:14:34Z,35,0,95.5
2026-07-10T06:14:34Z,44,0,1.32
2026-07-10T06:14:34Z,65,0,15.7
2026-07-10T06:14:34Z,114,0,640.0
2026-07-10T06:14:34Z,119,0,34.0
2026-07-10T06:14:34Z,103,0,6.7
2026-07-10T06:14:34Z,105,0,1.66
2026-07-10T06:14:34Z,134,0,56.5
2026-07-10T06:14:34Z,47,0,438.0
2026-07-10T06:14:34Z,15,0,10.7
2026-07-10T06:14:34Z,118,0,0.77
2026-07-10T06:14:34Z,98,0,880.0
2026-07-10T06:14:34Z,124,0,37.25
2026-07-10T06:14:34Z,77,0,2830.0
2026-07-10T06:14:34Z,20,0,119.0
2026-07-10T06:14:34Z,112,0,2400.0
2026-07-10T06:14:34Z,21,0,57.5
2026-07-10T06:14:34Z,81,0,5500.0
2026-07-10T06:14:34Z,78,0,2000.0
2026-07-10T06:14:34Z,31,0,190.0
2026-07-10T06:14:34Z,52,0,640.0
2026-07-10T06:14:34Z,25,0,805.0
2026-07-10T06:14:34Z,84,0,8875.0
2026-07-10T06:14:34Z,80,0,5175.0
2026-07-10T06:14:34Z,143,0,760.0
2026-07-10T06:14:34Z,74,0,21.0
2026-07-10T06:14:34Z,61,0,19.7
2026-07-10T06:14:34Z,131,0,2390.0
2026-07-10T06:14:34Z,116,0,44.25
2026-07-10T06:14:34Z,49,0,950.0
2026-07-10T06:14:34Z,121,0,148.0
2026-07-10T06:14:34Z,127,0,490.0
2026-07-10T06:14:34Z,130,0,2120.0
2026-07-10T06:14:34Z,62,0,22.75
2026-07-10T06:14:34Z,137,0,125.0
2026-07-10T06:14:34Z,122,0,130.0
2026-07-10T06:14:34Z,87,0,472.0
2026-07-10T06:14:34Z,152,0,232.0
2026-07-10T06:14:34Z,151,0,226.0
2026-07-10T06:14:34Z,144,0,17.7
2026-07-10T06:14:34Z,67,0,12.3
2026-07-10T06:14:34Z,51,0,790.0
2026-07-10T06:14:34Z,149,0,965.0
2026-07-10T06:14:34Z,48,0,232.0
2026-07-10T06:14:34Z,129,0,2170.0
2026-07-10T06:14:34Z,89,0,4960.0
2026-07-10T06:14:34Z,83,0,31.5
2026-07-10T06:14:34Z,100,0,124.0
2026-07-10T06:14:34Z,141,0,36.75
2026-07-10T06:14:34Z,57,0,5825.0
2026-07-10T06:14:34Z,26,0,1230.0
2026-07-10T06:14:34Z,63,0,35.5
2026-07-10T06:14:34Z,55,0,2290.0
2026-07-10T06:14:34Z,146,0,12.0
2026-07-10T06:14:34Z,147,0,46.75
2026-07-10T06:14:34Z,155,0,120.0
2026-07-10T06:14:34Z,53,0,3380.0
2026-07-10T06:14:34Z,27,0,600.0
2026-07-10T06:14:34Z,28,0,945.0
2026-07-10T06:14:34Z,86,0,11300.0
2026-07-10T06:14:34Z,56,0,4380.0
2026-07-10T06:14:34Z,85,0,7750.0
2026-07-10T06:14:34Z,82,0,1610.0
2026-07-10T06:14:34Z,138,0,1300.0
2026-07-10T06:14:34Z,128,0,63.5
2026-07-10T06:14:34Z,148,0,35.25
2026-07-10T09:53:19Z,104,0,1.05
2026-07-10T09:53:19Z,8,0,11.4
2026-07-10T09:53:19Z,111,0,2650.0
2026-07-10T09:53:19Z,66,0,0.286
2026-07-10T09:53:19Z,106,0,3.9
2026-07-10T09:53:19Z,2,0,0.384
2026-07-10T09:53:19Z,13,0,0.392
2026-07-10T09:53:19Z,43,0,12.4
2026-07-10T09:53:19Z,1,0,0.272
2026-07-10T09:53:19Z,60,0,6.6
2026-07-10T09:53:19Z,46,0,25.75
2026-07-10T09:53:19Z,153,0,79.5
2026-07-10T09:53:19Z,69,0,6450.0
2026-07-10T09:53:19Z,4,0,2.6
2026-07-10T09:53:19Z,26,0,1240.0
2026-07-10T09:53:19Z,44,0,1.3
2026-07-10T09:53:19Z,5,0,3.4
2026-07-10T09:53:19Z,47,0,432.0
2026-07-10T09:53:19Z,12,0,40.75
2026-07-10T09:53:19Z,18,0,20.75
2026-07-10T09:53:19Z,136,0,1.62
2026-07-10T09:53:19Z,45,0,14.0
2026-07-10T09:53:19Z,118,0,0.735
2026-07-10T09:53:19Z,52,0,645.0
2026-07-10T09:53:19Z,72,0,1.58
2026-07-10T09:53:19Z,16,0,8.5
2026-07-10T09:53:19Z,154,0,67.0
2026-07-10T09:53:19Z,10,0,31.0
2026-07-10T09:53:19Z,21,0,57.5
2026-07-10T09:53:19Z,29,0,114.0
2026-07-10T09:53:19Z,98,0,895.0
2026-07-10T09:53:19Z,22,0,88.5
2026-07-10T09:53:19Z,74,0,21.0
2026-07-10T09:53:19Z,117,0,9.2
2026-07-10T09:53:19Z,50,0,326.0
2026-07-10T09:53:19Z,73,0,27.0
2026-07-10T09:53:19Z,112,0,2350.0
2026-07-10T09:53:19Z,137,0,124.0
2026-07-10T09:53:19Z,75,0,6.8
2026-07-10T09:53:19Z,23,0,126.0
2026-07-10T09:53:19Z,30,0,169.0
2026-07-10T09:53:19Z,115,0,132.0
2026-07-10T09:53:19Z,108,0,10.0
2026-07-10T09:53:19Z,83,0,30.5
2026-07-10T09:53:19Z,6,0,0.715
2026-07-10T09:53:19Z,78,0,1990.0
2026-07-10T09:53:19Z,3,0,2.65
2026-07-10T09:53:19Z,34,0,99.0
2026-07-10T09:53:19Z,102,0,2.8
2026-07-10T09:53:19Z,125,0,26.25
2026-07-10T09:53:19Z,109,0,106.0
2026-07-10T09:53:19Z,133,0,15.4
2026-07-10T09:53:19Z,58,0,140.0
2026-07-10T09:53:19Z,42,0,5.2
2026-07-10T09:53:19Z,139,0,11.3
2026-07-10T09:53:19Z,120,0,2.45
2026-07-10T09:53:19Z,145,0,140.0
2026-07-10T09:53:19Z,71,0,1580.0
2026-07-10T09:53:19Z,81,0,5550.0
2026-07-10T09:53:19Z,77,0,2850.0
2026-07-10T09:53:19Z,103,0,6.8
2026-07-10T09:53:19Z,126,0,52.0
2026-07-10T09:53:19Z,14,0,11.8
2026-07-10T09:53:19Z,114,0,645.0
2026-07-10T09:53:19Z,24,0,625.0
2026-07-10T09:53:19Z,17,0,15.6
2026-07-10T09:53:19Z,35,0,98.0
2026-07-10T09:53:19Z,54,0,6350.0
2026-07-10T09:53:19Z,7,0,42.25
2026-07-10T09:53:19Z,100,0,125.0
2026-07-10T09:53:19Z,31,0,191.0
2026-07-10T09:53:19Z,40,0,1.62
2026-07-10T09:53:19Z,101,0,204.0
2026-07-10T09:53:19Z,116,0,44.5
2026-07-10T09:53:19Z,20,0,118.0
2026-07-10T09:53:19Z,65,0,15.7
2026-07-10T09:53:19Z,59,0,70.0
2026-07-10T09:53:19Z,9,0,1.22
2026-07-10T09:53:19Z,15,0,10.9
2026-07-10T09:53:19Z,140,0,262.0
2026-07-10T09:53:19Z,57,0,5825.0
2026-07-10T09:53:19Z,107,0,20.5
2026-07-10T09:53:19Z,134,0,57.0
2026-07-10T09:53:19Z,61,0,19.7
2026-07-10T09:53:19Z,33,0,128.0
2026-07-10T09:53:19Z,56,0,4350.0
2026-07-10T09:53:19Z,53,0,3350.0
2026-07-10T09:53:19Z,113,0,150.0
2026-07-10T09:53:19Z,41,0,4.8
2026-07-10T09:53:19Z,55,0,2280.0
2026-07-10T09:53:19Z,11,0,40.75
2026-07-10T09:53:19Z,19,0,12.1
2026-07-10T09:53:19Z,68,0,33.25
2026-07-10T09:53:19Z,135,0,21.75
2026-07-10T09:53:19Z,62,0,22.75
2026-07-10T09:53:19Z,32,0,236.0
2026-07-10T09:53:19Z,138,0,1330.0
2026-07-10T09:53:19Z,51,0,790.0
2026-07-10T09:53:19Z,64,0,46.75
2026-07-10T09:53:19Z,124,0,36.25
2026-07-10T09:53:19Z,105,0,1.59
2026-07-10T09:53:19Z,25,0,795.0
2026-07-10T09:53:19Z,63,0,35.0
2026-07-10T09:53:19Z,110,0,202.0
2026-07-10T09:53:19Z,70,0,825.0
2026-07-10T09:53:19Z,88,0,11700.0
2026-07-10T09:53:19Z,76,0,63.0
2026-07-10T09:53:19Z,155,0,135.0
2026-07-10T09:53:19Z,132,0,2330.0
2026-07-10T09:53:19Z,28,0,950.0
2026-07-10T09:53:19Z,119,0,34.0
2026-07-10T09:53:19Z,129,0,2150.0
2026-07-10T09:53:19Z,150,0,368.0
2026-07-10T09:53:19Z,122,0,127.0
2026-07-10T09:53:19Z,48,0,234.0
2026-07-10T09:53:19Z,142,0,835.0
2026-07-10T09:53:19Z,49,0,940.0
2026-07-10T09:53:19Z,87,0,470.0
2026-07-10T09:53:19Z,127,0,486.0
2026-07-10T09:53:19Z,123,0,298.0
2026-07-10T09:53:19Z,89,0,4960.0
2026-07-10T09:53:19Z,85,0,7875.0
2026-07-10T09:53:19Z,80,0,5075.0
2026-07-10T09:53:19Z,79,0,890.0
2026-07-10T09:53:19Z,86,0,11200.0
2026-07-10T09:53:19Z,141,0,36.5
2026-07-10T09:53:19Z,82,0,1600.0
2026-07-10T09:53:19Z,121,0,147.0
2026-07-10T09:53:19Z,144,0,17.7
2026-07-10T09:53:19Z,149,0,955.0
2026-07-10T09:53:19Z,143,0,760.0
2026-07-10T09:53:19Z,84,0,8875.0
2026-07-10T09:53:19Z,131,0,2390.0
2026-07-10T09:53:19Z,130,0,2120.0
2026-07-10T09:53:19Z,152,0,232.0
2026-07-10T09:53:19Z,151,0,226.0
2026-07-10T09:53:19Z,67,0,12.3
2026-07-10T09:53:19Z,146,0,12.0
2026-07-10T09:53:19Z,147,0,46.75
2026-07-10T09:53:19Z,27,0,600.0
2026-07-10T09:53:19Z,128,0,63.5
2026-07-10T09:53:19Z,148,0,35.25
2026-07-10T12:16:40Z,73,0,28.0
2026-07-10T12:16:40Z,108,0,9.8
2026-07-10T12:16:40Z,34,0,97.5
2026-07-10T12:16:40Z,2,0,0.388
2026-07-10T12:16:40Z,111,0,2660.0
2026-07-10T12:16:40Z,64,0,47.5
2026-07-10T12:16:40Z,1,0,0.269
2026-07-10T12:16:40Z,25,0,815.0
2026-07-10T12:16:40Z,12,0,41.25
2026-07-10T12:16:40Z,14,0,11.9
2026-07-10T12:16:40Z,10,0,30.5
2026-07-10T12:16:40Z,42,0,5.4
2026-07-10T12:16:40Z,107,0,20.75
2026-07-10T12:16:40Z,66,0,0.279
2026-07-10T12:16:40Z,46,0,26.0
2026-07-10T12:16:40Z,120,0,2.55
2026-07-10T12:16:40Z,13,0,0.391
2026-07-10T12:16:40Z,41,0,4.3
2026-07-10T12:16:40Z,6,0,0.74
2026-07-10T12:16:40Z,125,0,24.5
2026-07-10T12:16:40Z,135,0,20.75
2026-07-10T12:16:40Z,72,0,1.61
2026-07-10T12:16:40Z,126,0,51.0
2026-07-10T12:16:40Z,74,0,20.25
2026-07-10T12:16:40Z,26,0,1230.0
2026-07-10T12:16:40Z,122,0,126.0
2026-07-10T12:16:40Z,17,0,15.4
2026-07-10T12:16:40Z,24,0,635.0
2026-07-10T12:16:40Z,83,0,30.5
2026-07-10T12:16:40Z,3,0,2.8
2026-07-10T12:16:40Z,153,0,77.5
2026-07-10T12:16:40Z,19,0,12.2
2026-07-10T12:16:40Z,20,0,123.0
2026-07-10T12:16:40Z,44,0,1.32
2026-07-10T12:16:40Z,71,0,1610.0
2026-07-10T12:16:40Z,16,0,8.6
2026-07-10T12:16:40Z,7,0,43.25
2026-07-10T12:16:40Z,123,0,300.0
2026-07-10T12:16:40Z,15,0,11.0
2026-07-10T12:16:40Z,9,0,1.31
2026-07-10T12:16:40Z,154,0,73.0
2026-07-10T12:16:40Z,77,0,2920.0
2026-07-10T12:16:40Z,112,0,2370.0
2026-07-10T12:16:40Z,43,0,12.4
2026-07-10T12:16:40Z,102,0,2.75
2026-07-10T12:16:40Z,145,0,137.0
2026-07-10T12:16:40Z,80,0,5025.0
2026-07-10T12:16:40Z,60,0,6.2
2026-07-10T12:16:40Z,21,0,57.5
2026-07-10T12:16:40Z,18,0,21.0
2026-07-10T12:16:40Z,106,0,3.8
2026-07-10T12:16:40Z,5,0,3.4
2026-07-10T12:16:40Z,40,0,1.63
2026-07-10T12:16:40Z,49,0,940.0
2026-07-10T12:16:40Z,48,0,232.0
2026-07-10T12:16:40Z,68,0,32.5
2026-07-10T12:16:40Z,124,0,36.5
2026-07-10T12:16:40Z,117,0,9.7
2026-07-10T12:16:40Z,35,0,97.0
2026-07-10T12:16:40Z,23,0,126.0
2026-07-10T12:16:40Z,118,0,0.74
2026-07-10T12:16:40Z,100,0,124.0
2026-07-10T12:16:40Z,137,0,128.0
2026-07-10T12:16:40Z,113,0,152.0
2026-07-10T12:16:40Z,69,0,6425.0
2026-07-10T12:16:40Z,11,0,41.0
2026-07-10T12:16:40Z,129,0,2140.0
2026-07-10T12:16:40Z,30,0,172.0
2026-07-10T12:16:40Z,56,0,4410.0
2026-07-10T12:16:40Z,101,0,199.0
2026-07-10T12:16:40Z,115,0,131.0
2026-07-10T12:16:40Z,62,0,22.0
2026-07-10T12:16:40Z,59,0,70.0
2026-07-10T12:16:40Z,61,0,19.6
2026-07-10T12:16:40Z,119,0,34.0
2026-07-10T12:16:40Z,139,0,11.3
2026-07-10T12:16:40Z,116,0,44.25
2026-07-10T12:16:40Z,114,0,620.0
2026-07-10T12:16:40Z,98,0,900.0
2026-07-10T12:16:40Z,47,0,432.0
2026-07-10T12:16:40Z,8,0,11.9
2026-07-10T12:16:40Z,155,0,133.0
2026-07-10T12:16:40Z,22,0,90.0
2026-07-10T12:16:40Z,103,0,6.6
2026-07-10T12:16:40Z,78,0,1980.0
2026-07-10T12:16:40Z,45,0,14.4
2026-07-10T12:16:40Z,82,0,1610.0
2026-07-10T12:16:40Z,32,0,234.0
2026-07-10T12:16:40Z,58,0,137.0
2026-07-10T12:16:40Z,109,0,109.0
2026-07-10T12:16:40Z,147,0,46.5
2026-07-10T12:16:40Z,31,0,187.0
2026-07-10T12:16:40Z,140,0,264.0
2026-07-10T12:16:40Z,136,0,1.62
2026-07-10T12:16:40Z,110,0,200.0
2026-07-10T12:16:40Z,70,0,805.0
2026-07-10T12:16:40Z,81,0,5900.0
2026-07-10T12:16:40Z,52,0,645.0
2026-07-10T12:16:40Z,28,0,960.0
2026-07-10T12:16:40Z,105,0,1.57
2026-07-10T12:16:40Z,76,0,62.5
2026-07-10T12:16:40Z,75,0,6.6
2026-07-10T12:16:40Z,150,0,360.0
2026-07-10T12:16:40Z,65,0,15.4
2026-07-10T12:16:40Z,134,0,57.5
2026-07-10T12:16:40Z,143,0,765.0
2026-07-10T12:16:40Z,132,0,2320.0
2026-07-10T12:16:40Z,131,0,2370.0
2026-07-10T12:16:40Z,79,0,880.0
2026-07-10T12:16:40Z,33,0,130.0
2026-07-10T12:16:40Z,29,0,114.0
2026-07-10T12:16:40Z,121,0,146.0
2026-07-10T12:16:40Z,133,0,15.2
2026-07-10T12:16:40Z,4,0,2.8
2026-07-10T12:16:40Z,54,0,6350.0
2026-07-10T12:16:40Z,53,0,3380.0
2026-07-10T12:16:40Z,86,0,11300.0
2026-07-10T12:16:40Z,84,0,8875.0
2026-07-10T12:16:40Z,104,0,1.0
2026-07-10T12:16:40Z,88,0,11900.0
2026-07-10T12:16:40Z,87,0,468.0
2026-07-10T12:16:40Z,57,0,5800.0
2026-07-10T12:16:40Z,127,0,482.0
2026-07-10T12:16:40Z,152,0,230.0
2026-07-10T12:16:40Z,130,0,2120.0
2026-07-10T12:16:40Z,142,0,835.0
2026-07-10T12:16:40Z,141,0,36.75
2026-07-10T12:16:40Z,63,0,34.75
2026-07-10T12:16:40Z,27,0,595.0
2026-07-10T12:16:40Z,149,0,950.0
2026-07-10T12:16:40Z,50,0,328.0
2026-07-10T12:16:40Z,151,0,200.0
2026-07-10T12:16:40Z,89,0,4970.0
2026-07-10T12:16:40Z,55,0,2280.0
2026-07-10T12:16:40Z,138,0,1330.0
2026-07-10T12:16:40Z,51,0,790.0
2026-07-10T12:16:40Z,85,0,7875.0
2026-07-10T12:16:40Z,144,0,17.7
2026-07-10T12:16:40Z,67,0,12.3
2026-07-10T12:16:40Z,146,0,12.0
2026-07-10T12:16:40Z,128,0,63.5
2026-07-10T12:16:40Z,148,0,35.25
2026-07-10T15:03:30Z,1,0,0.276
2026-07-10T15:03:30Z,103,0,7.0
2026-07-10T15:03:30Z,13,0,0.39
2026-07-10T15:03:30Z,125,0,26.25
2026-07-10T15:03:30Z,68,0,32.75
2026-07-10T15:03:30Z,10,0,31.75
2026-07-10T15:03:30Z,135,0,22.0
2026-07-10T15:03:30Z,111,0,2650.0
2026-07-10T15:03:30Z,108,0,9.5
2026-07-10T15:03:30Z,154,0,74.5
2026-07-10T15:03:30Z,2,0,0.389
2026-07-10T15:03:30Z,77,0,2890.0
2026-07-10T15:03:30Z,74,0,19.7
2026-07-10T15:03:30Z,142,0,845.0
2026-07-10T15:03:30Z,118,0,0.785
2026-07-10T15:03:30Z,18,0,20.75
2026-07-10T15:03:30Z,112,0,2340.0
2026-07-10T15:03:30Z,17,0,15.4
2026-07-10T15:03:30Z,30,0,170.0
2026-07-10T15:03:30Z,16,0,8.4
2026-07-10T15:03:30Z,20,0,125.0
2026-07-10T15:03:30Z,130,0,2140.0
2026-07-10T15:03:30Z,29,0,112.0
2026-07-10T15:03:30Z,3,0,2.6
2026-07-10T15:03:30Z,102,0,2.85
2026-07-10T15:03:30Z,50,0,310.0
2026-07-10T15:03:30Z,15,0,10.3
2026-07-10T15:03:30Z,51,0,760.0
2026-07-10T15:03:30Z,46,0,25.25
2026-07-10T15:03:30Z,66,0,0.289
2026-07-10T15:03:30Z,126,0,54.5
2026-07-10T15:03:30Z,8,0,11.8
2026-07-10T15:03:30Z,14,0,11.5
2026-07-10T15:03:30Z,124,0,37.5
2026-07-10T15:03:30Z,76,0,64.5
2026-07-10T15:03:30Z,9,0,1.29
2026-07-10T15:03:30Z,134,0,56.5
2026-07-10T15:03:30Z,43,0,12.2
2026-07-10T15:03:30Z,122,0,125.0
2026-07-10T15:03:30Z,106,0,4.1
2026-07-10T15:03:30Z,47,0,448.0
2026-07-10T15:03:30Z,73,0,28.5
2026-07-10T15:03:30Z,72,0,1.61
2026-07-10T15:03:30Z,22,0,89.5
2026-07-10T15:03:30Z,145,0,137.0
2026-07-10T15:03:30Z,21,0,59.0
2026-07-10T15:03:30Z,153,0,77.0
2026-07-10T15:03:30Z,11,0,40.25
2026-07-10T15:03:30Z,71,0,1620.0
2026-07-10T15:03:30Z,45,0,14.3
2026-07-10T15:03:30Z,12,0,41.75
2026-07-10T15:03:30Z,27,0,580.0
2026-07-10T15:03:30Z,149,0,960.0
2026-07-10T15:03:30Z,104,0,1.05
2026-07-10T15:03:30Z,40,0,1.59
2026-07-10T15:03:30Z,143,0,750.0
2026-07-10T15:03:30Z,60,0,6.7
2026-07-10T15:03:30Z,69,0,6525.0
2026-07-10T15:03:30Z,140,0,258.0
2026-07-10T15:03:30Z,6,0,0.745
2026-07-10T15:03:30Z,101,0,204.0
2026-07-10T15:03:30Z,7,0,42.75
2026-07-10T15:03:30Z,117,0,10.1
2026-07-10T15:03:30Z,25,0,785.0
2026-07-10T15:03:30Z,44,0,1.29
2026-07-10T15:03:30Z,136,0,1.58
2026-07-10T15:03:30Z,4,0,2.45
2026-07-10T15:03:30Z,89,0,4950.0
2026-07-10T15:03:30Z,107,0,20.75
2026-07-10T15:03:30Z,58,0,140.0
2026-07-10T15:03:30Z,133,0,14.2
2026-07-10T15:03:30Z,24,0,625.0
2026-07-10T15:03:30Z,146,0,12.0
2026-07-10T15:03:30Z,113,0,153.0
2026-07-10T15:03:30Z,110,0,196.0
2026-07-10T15:03:30Z,115,0,130.0
2026-07-10T15:03:30Z,19,0,11.9
2026-07-10T15:03:30Z,52,0,650.0
2026-07-10T15:03:30Z,41,0,4.7
2026-07-10T15:03:30Z,120,0,2.7
2026-07-10T15:03:30Z,33,0,127.0
2026-07-10T15:03:30Z,139,0,10.4
2026-07-10T15:03:30Z,83,0,29.5
2026-07-10T15:03:30Z,42,0,5.1
2026-07-10T15:03:30Z,119,0,34.25
2026-07-10T15:03:30Z,57,0,5800.0
2026-07-10T15:03:30Z,5,0,3.35
2026-07-10T15:03:30Z,62,0,22.25
2026-07-10T15:03:30Z,123,0,300.0
2026-07-10T15:03:30Z,23,0,130.0
2026-07-10T15:03:30Z,32,0,232.0
2026-07-10T15:03:30Z,59,0,68.0
2026-07-10T15:03:30Z,109,0,106.0
2026-07-10T15:03:30Z,61,0,19.7
2026-07-10T15:03:30Z,34,0,97.5
2026-07-10T15:03:30Z,81,0,5925.0
2026-07-10T15:03:30Z,31,0,183.0
2026-07-10T15:03:30Z,150,0,356.0
2026-07-10T15:03:30Z,78,0,1980.0
2026-07-10T15:03:30Z,137,0,126.0
2026-07-10T15:03:30Z,28,0,940.0
2026-07-10T15:03:30Z,79,0,885.0
2026-07-10T15:03:30Z,148,0,35.0
2026-07-10T15:03:30Z,65,0,15.3
2026-07-10T15:03:30Z,64,0,46.5
2026-07-10T15:03:30Z,75,0,6.8
2026-07-10T15:03:30Z,55,0,2260.0
2026-07-10T15:03:30Z,35,0,98.0
2026-07-10T15:03:30Z,138,0,1280.0
2026-07-10T15:03:30Z,152,0,210.0
2026-07-10T15:03:30Z,114,0,610.0
2026-07-10T15:03:30Z,116,0,44.75
2026-07-10T15:03:30Z,100,0,125.0
2026-07-10T15:03:30Z,127,0,484.0
2026-07-10T15:03:30Z,67,0,12.3
2026-07-10T15:03:30Z,54,0,6225.0
2026-07-10T15:03:30Z,56,0,4380.0
2026-07-10T15:03:30Z,132,0,2300.0
2026-07-10T15:03:30Z,48,0,234.0
2026-07-10T15:03:30Z,26,0,1240.0
2026-07-10T15:03:30Z,105,0,1.6
2026-07-10T15:03:30Z,70,0,845.0
2026-07-10T15:03:30Z,82,0,1610.0
2026-07-10T15:03:30Z,80,0,5025.0
2026-07-10T15:03:30Z,121,0,148.0
2026-07-10T15:03:30Z,98,0,890.0
2026-07-10T15:03:30Z,49,0,935.0
2026-07-10T15:03:30Z,53,0,3360.0
2026-07-10T15:03:30Z,128,0,62.5
2026-07-10T15:03:30Z,141,0,36.5
2026-07-10T15:03:30Z,155,0,133.0
2026-07-10T15:03:30Z,151,0,198.0
2026-07-10T15:03:30Z,144,0,17.7
2026-07-10T15:03:30Z,129,0,2140.0
2026-07-10T15:03:30Z,147,0,46.5
2026-07-10T15:03:30Z,131,0,2370.0
2026-07-10T15:03:30Z,86,0,11300.0
2026-07-10T15:03:30Z,84,0,8875.0
2026-07-10T15:03:30Z,88,0,11900.0
2026-07-10T15:03:30Z,87,0,468.0
2026-07-10T15:03:30Z,63,0,34.75
2026-07-10T15:03:30Z,85,0,7875.0
2026-07-10T17:04:15Z,35,0,95.5
2026-07-10T17:04:15Z,64,0,47.25
2026-07-10T17:04:15Z,8,0,11.7
2026-07-10T17:04:15Z,1,0,0.271
2026-07-10T17:04:15Z,9,0,1.38
2026-07-10T17:04:15Z,115,0,129.0
2026-07-10T17:04:15Z,111,0,2660.0
2026-07-10T17:04:15Z,127,0,490.0
2026-07-10T17:04:15Z,112,0,2360.0
2026-07-10T17:04:15Z,5,0,3.2
2026-07-10T17:04:15Z,22,0,91.5
2026-07-10T17:04:15Z,2,0,0.382
2026-07-10T17:04:15Z,21,0,59.5
2026-07-10T17:04:15Z,10,0,30.75
2026-07-10T17:04:15Z,23,0,128.0
2026-07-10T17:04:15Z,20,0,121.0
2026-07-10T17:04:15Z,18,0,20.0
2026-07-10T17:04:15Z,41,0,4.6
2026-07-10T17:04:15Z,73,0,27.25
2026-07-10T17:04:15Z,66,0,0.284
2026-07-10T17:04:15Z,101,0,200.0
2026-07-10T17:04:15Z,13,0,0.39
2026-07-10T17:04:15Z,15,0,10.6
2026-07-10T17:04:15Z,124,0,38.0
2026-07-10T17:04:15Z,30,0,171.0
2026-07-10T17:04:15Z,17,0,15.6
2026-07-10T17:04:15Z,119,0,34.5
2026-07-10T17:04:15Z,133,0,14.2
2026-07-10T17:04:15Z,19,0,11.8
2026-07-10T17:04:15Z,46,0,25.5
2026-07-10T17:04:15Z,16,0,8.7
2026-07-10T17:04:15Z,7,0,43.5
2026-07-10T17:04:15Z,14,0,12.0
2026-07-10T17:04:15Z,53,0,3350.0
2026-07-10T17:04:15Z,108,0,9.6
2026-07-10T17:04:15Z,102,0,2.8
2026-07-10T17:04:15Z,47,0,458.0
2026-07-10T17:04:15Z,12,0,41.75
2026-07-10T17:04:15Z,122,0,127.0
2026-07-10T17:04:15Z,3,0,2.95
2026-07-10T17:04:15Z,69,0,6525.0
2026-07-10T17:04:15Z,126,0,55.5
2026-07-10T17:04:15Z,44,0,1.27
2026-07-10T17:04:15Z,59,0,69.0
2026-07-10T17:04:15Z,104,0,1.05
2026-07-10T17:04:15Z,57,0,5600.0
2026-07-10T17:04:15Z,60,0,6.5
2026-07-10T17:04:15Z,120,0,2.65
2026-07-10T17:04:15Z,154,0,73.5
2026-07-10T17:04:15Z,72,0,1.61
2026-07-10T17:04:15Z,25,0,805.0
2026-07-10T17:04:15Z,62,0,22.25
2026-07-10T17:04:15Z,117,0,9.5
2026-07-10T17:04:15Z,31,0,185.0
2026-07-10T17:04:15Z,6,0,0.72
2026-07-10T17:04:15Z,42,0,5.2
2026-07-10T17:04:15Z,4,0,2.7
2026-07-10T17:04:15Z,81,0,5925.0
2026-07-10T17:04:15Z,40,0,1.58
2026-07-10T17:04:15Z,125,0,27.5
2026-07-10T17:04:15Z,105,0,1.59
2026-07-10T17:04:15Z,29,0,113.0
2026-07-10T17:04:15Z,74,0,19.7
2026-07-10T17:04:15Z,27,0,590.0
2026-07-10T17:04:15Z,75,0,6.7
2026-07-10T17:04:15Z,135,0,22.25
2026-07-10T17:04:15Z,153,0,73.5
2026-07-10T17:04:15Z,136,0,1.58
2026-07-10T17:04:15Z,34,0,100.0
2026-07-10T17:04:15Z,113,0,150.0
2026-07-10T17:04:15Z,130,0,2120.0
2026-07-10T17:04:15Z,11,0,41.0
2026-07-10T17:04:15Z,118,0,0.775
2026-07-10T17:04:15Z,103,0,6.9
2026-07-10T17:04:15Z,144,0,17.8
2026-07-10T17:04:15Z,45,0,14.0
2026-07-10T17:04:15Z,86,0,11100.0
2026-07-10T17:04:15Z,24,0,625.0
2026-07-10T17:04:15Z,106,0,4.1
2026-07-10T17:04:15Z,52,0,635.0
2026-07-10T17:04:15Z,140,0,268.0
2026-07-10T17:04:15Z,48,0,230.0
2026-07-10T17:04:15Z,107,0,21.0
2026-07-10T17:04:15Z,76,0,63.5
2026-07-10T17:04:15Z,32,0,230.0
2026-07-10T17:04:15Z,83,0,30.0
2026-07-10T17:04:15Z,79,0,880.0
2026-07-10T17:04:15Z,54,0,6400.0
2026-07-10T17:04:15Z,134,0,56.0
2026-07-10T17:04:15Z,139,0,11.0
2026-07-10T17:04:15Z,109,0,104.0
2026-07-10T17:04:15Z,123,0,296.0
2026-07-10T17:04:15Z,61,0,19.4
2026-07-10T17:04:15Z,51,0,785.0
2026-07-10T17:04:15Z,43,0,12.7
2026-07-10T17:04:15Z,132,0,2300.0
2026-07-10T17:04:15Z,114,0,615.0
2026-07-10T17:04:15Z,80,0,5000.0
2026-07-10T17:04:15Z,77,0,2810.0
2026-07-10T17:04:15Z,58,0,140.0
2026-07-10T17:04:15Z,28,0,965.0
2026-07-10T17:04:15Z,87,0,464.0
2026-07-10T17:04:15Z,145,0,138.0
2026-07-10T17:04:15Z,88,0,11900.0
2026-07-10T17:04:15Z,68,0,31.75
2026-07-10T17:04:15Z,65,0,14.5
2026-07-10T17:04:15Z,70,0,830.0
2026-07-10T17:04:15Z,78,0,1990.0
2026-07-10T17:04:15Z,131,0,2390.0
2026-07-10T17:04:15Z,143,0,750.0
2026-07-10T17:04:15Z,33,0,122.0
2026-07-10T17:04:15Z,110,0,200.0
2026-07-10T17:04:15Z,50,0,328.0
2026-07-10T17:04:15Z,100,0,124.0
2026-07-10T17:04:15Z,141,0,36.5
2026-07-10T17:04:15Z,152,0,230.0
2026-07-10T17:04:15Z,63,0,34.0
2026-07-10T17:04:15Z,26,0,1230.0
2026-07-10T17:04:15Z,150,0,358.0
2026-07-10T17:04:15Z,71,0,1640.0
2026-07-10T17:04:15Z,142,0,825.0
2026-07-10T17:04:15Z,137,0,126.0
2026-07-10T17:04:15Z,148,0,34.75
2026-07-10T17:04:15Z,56,0,4350.0
2026-07-10T17:04:15Z,138,0,1250.0
2026-07-10T17:04:15Z,129,0,2160.0
2026-07-10T17:04:15Z,116,0,44.75
2026-07-10T17:04:15Z,155,0,134.0
2026-07-10T17:04:15Z,89,0,4960.0
2026-07-10T17:04:15Z,149,0,960.0
2026-07-10T17:04:15Z,146,0,12.0
2026-07-10T17:04:15Z,55,0,2260.0
2026-07-10T17:04:15Z,67,0,12.3
2026-07-10T17:04:15Z,82,0,1610.0
2026-07-10T17:04:15Z,121,0,148.0
2026-07-10T17:04:15Z,98,0,890.0
2026-07-10T17:04:15Z,49,0,935.0
2026-07-10T17:04:15Z,128,0,62.5
2026-07-10T17:04:15Z,151,0,198.0
2026-07-10T17:04:15Z,147,0,46.5
2026-07-10T17:04:15Z,84,0,8875.0
2026-07-10T17:04:15Z,85,0,7875.0
2026-07-10T18:38:40Z,13,0,0.39
2026-07-10T18:38:40Z,108,0,9.7
2026-07-10T18:38:40Z,9,0,1.41
2026-07-10T18:38:40Z,3,0,2.3
2026-07-10T18:38:40Z,67,0,12.3
2026-07-10T18:38:40Z,102,0,2.9
2026-07-10T18:38:40Z,153,0,73.5
2026-07-10T18:38:40Z,65,0,15.5
2026-07-10T18:38:40Z,154,0,77.5
2026-07-10T18:38:40Z,12,0,42.0
2026-07-10T18:38:40Z,34,0,98.5
2026-07-10T18:38:40Z,133,0,15.1
2026-07-10T18:38:40Z,73,0,27.0
2026-07-10T18:38:40Z,1,0,0.274
2026-07-10T18:38:40Z,126,0,54.0
2026-07-10T18:38:40Z,4,0,2.55
2026-07-10T18:38:40Z,111,0,2640.0
2026-07-10T18:38:40Z,29,0,111.0
2026-07-10T18:38:40Z,122,0,130.0
2026-07-10T18:38:40Z,66,0,0.292
2026-07-10T18:38:40Z,106,0,4.2
2026-07-10T18:38:40Z,6,0,0.745
2026-07-10T18:38:40Z,17,0,15.8
2026-07-10T18:38:40Z,16,0,8.3
2026-07-10T18:38:40Z,59,0,68.5
2026-07-10T18:38:40Z,23,0,129.0
2026-07-10T18:38:40Z,22,0,90.5
2026-07-10T18:38:40Z,20,0,122.0
2026-07-10T18:38:40Z,117,0,9.9
2026-07-10T18:38:40Z,101,0,198.0
2026-07-10T18:38:40Z,2,0,0.385
2026-07-10T18:38:40Z,40,0,1.56
2026-07-10T18:38:40Z,57,0,5600.0
2026-07-10T18:38:40Z,112,0,2390.0
2026-07-10T18:38:40Z,104,0,1.05
2026-07-10T18:38:40Z,19,0,12.1
2026-07-10T18:38:40Z,125,0,26.0
2026-07-10T18:38:40Z,149,0,960.0
2026-07-10T18:38:40Z,46,0,26.75
2026-07-10T18:38:40Z,8,0,12.7
2026-07-10T18:38:40Z,107,0,21.5
2026-07-10T18:38:40Z,42,0,4.9
2026-07-10T18:38:40Z,21,0,59.0
2026-07-10T18:38:40Z,14,0,11.8
2026-07-10T18:38:40Z,10,0,30.75
2026-07-10T18:38:40Z,135,0,22.0
2026-07-10T18:38:40Z,11,0,39.5
2026-07-10T18:38:40Z,69,0,6525.0
2026-07-10T18:38:40Z,62,0,21.5
2026-07-10T18:38:40Z,52,0,640.0
2026-07-10T18:38:40Z,98,0,890.0
2026-07-10T18:38:40Z,134,0,53.5
2026-07-10T18:38:40Z,7,0,40.0
2026-07-10T18:38:40Z,129,0,2190.0
2026-07-10T18:38:40Z,68,0,32.0
2026-07-10T18:38:40Z,45,0,14.4
2026-07-10T18:38:40Z,51,0,785.0
2026-07-10T18:38:40Z,83,0,28.5
2026-07-10T18:38:40Z,140,0,256.0
2026-07-10T18:38:40Z,110,0,204.0
2026-07-10T18:38:40Z,44,0,1.3
2026-07-10T18:38:40Z,18,0,21.25
2026-07-10T18:38:40Z,30,0,169.0
2026-07-10T18:38:40Z,139,0,10.7
2026-07-10T18:38:40Z,5,0,3.1
2026-07-10T18:38:40Z,109,0,109.0
2026-07-10T18:38:40Z,74,0,19.5
2026-07-10T18:38:40Z,144,0,17.7
2026-07-10T18:38:40Z,58,0,136.0
2026-07-10T18:38:40Z,115,0,134.0
2026-07-10T18:38:40Z,72,0,1.7
2026-07-10T18:38:40Z,124,0,37.5
2026-07-10T18:38:40Z,41,0,4.7
2026-07-10T18:38:40Z,60,0,6.2
2026-07-10T18:38:40Z,120,0,2.7
2026-07-10T18:38:40Z,28,0,1000.0
2026-07-10T18:38:40Z,119,0,35.0
2026-07-10T18:38:40Z,138,0,1240.0
2026-07-10T18:38:40Z,50,0,326.0
2026-07-10T18:38:40Z,76,0,63.0
2026-07-10T18:38:40Z,114,0,605.0
2026-07-10T18:38:40Z,103,0,6.6
2026-07-10T18:38:40Z,35,0,98.0
2026-07-10T18:38:40Z,43,0,12.8
2026-07-10T18:38:40Z,70,0,830.0
2026-07-10T18:38:40Z,77,0,2820.0
2026-07-10T18:38:40Z,80,0,5100.0
2026-07-10T18:38:40Z,123,0,302.0
2026-07-10T18:38:40Z,121,0,147.0
2026-07-10T18:38:40Z,136,0,1.62
2026-07-10T18:38:40Z,25,0,740.0
2026-07-10T18:38:40Z,75,0,6.6
2026-07-10T18:38:40Z,32,0,230.0
2026-07-10T18:38:40Z,127,0,486.0
2026-07-10T18:38:40Z,24,0,630.0
2026-07-10T18:38:40Z,116,0,44.75
2026-07-10T18:38:40Z,15,0,10.5
2026-07-10T18:38:40Z,113,0,151.0
2026-07-10T18:38:40Z,142,0,840.0
2026-07-10T18:38:40Z,33,0,124.0
2026-07-10T18:38:40Z,31,0,184.0
2026-07-10T18:38:40Z,27,0,595.0
2026-07-10T18:38:40Z,145,0,139.0
2026-07-10T18:38:40Z,105,0,1.71
2026-07-10T18:38:40Z,118,0,0.78
2026-07-10T18:38:40Z,64,0,45.75
2026-07-10T18:38:40Z,84,0,8850.0
2026-07-10T18:38:40Z,130,0,2130.0
2026-07-10T18:38:40Z,141,0,36.5
2026-07-10T18:38:40Z,26,0,1220.0
2026-07-10T18:38:40Z,54,0,6375.0
2026-07-10T18:38:40Z,71,0,1640.0
2026-07-10T18:38:40Z,47,0,456.0
2026-07-10T18:38:40Z,63,0,33.5
2026-07-10T18:38:40Z,48,0,234.0
2026-07-10T18:38:40Z,81,0,5975.0
2026-07-10T18:38:40Z,49,0,930.0
2026-07-10T18:38:40Z,148,0,34.5
2026-07-10T18:38:40Z,137,0,126.0
2026-07-10T18:38:40Z,150,0,356.0
2026-07-10T18:38:40Z,61,0,19.7
2026-07-10T18:38:40Z,79,0,875.0
2026-07-10T18:38:40Z,143,0,745.0
2026-07-10T18:38:40Z,87,0,466.0
2026-07-10T18:38:40Z,86,0,11300.0
2026-07-10T18:38:40Z,53,0,3350.0
2026-07-10T18:38:40Z,132,0,2300.0
2026-07-10T18:38:40Z,88,0,11900.0
2026-07-10T18:38:40Z,78,0,1990.0
2026-07-10T18:38:40Z,131,0,2390.0
2026-07-10T18:38:40Z,100,0,124.0
2026-07-10T18:38:40Z,152,0,230.0
2026-07-10T18:38:40Z,56,0,4350.0
2026-07-10T18:38:40Z,155,0,134.0
2026-07-10T18:38:40Z,89,0,4960.0
2026-07-10T18:38:40Z,146,0,12.0
2026-07-10T18:38:40Z,55,0,2260.0
2026-07-10T18:38:40Z,82,0,1610.0
2026-07-10T18:38:40Z,128,0,62.5
2026-07-10T18:38:40Z,151,0,198.0
2026-07-10T18:38:40Z,147,0,46.5
2026-07-10T18:38:40Z,85,0,7875.0
